sequence,value
YPELQQDLIARLL,0.7993405495
FLPAIAGMAAKFLPKIFCAISKKC,0
GNNRPVYIPQPRPPHPRI,-1.323954655
GNNRPVYIPQPRPPHPRL,1.676045345
FLSTLWNAAKSIF,1.150514998
GWGSIFKHGRHAAKHIGHAAVNHYL,1.806179974
FLPIIAGIAAKVFPKIFCAISKKC,0.6989700043
LLPIVGNLLKSLL,0.4471580313
GIWDTIKSMGKVFAGKILQNL,1.397940009
RIRFPWPWRWPWWPPFRG,0.7781512504
GMKCKFCCNCCNLNGCGVCCRF,0
FLPLLAGLAANFLPTIICKIARKC,1.574031268
FLLFPLMCKIQGKC,1.358892147
NRFTARFRRTPWRLCLQFRQ,1.382429497
ILSAIWSGIKSLF,1.397940009
CVVSSGWKWNYKIRCKLTGNC,0.6720978579
GFWGKLWEGVKSAI,0.3010299957
APVPFSCTRGCLTHLV,1.404833717
FFPIIAGMAAKLIPSLFCKITKKC,0.7955323035
FLPGLECVSGLKIVPTVFCAITRIC,-0.03024310603
FIHHIIGWISHGVRAIHRAIHG,-0.5228787453
FLPLILPSIVTALSSFLKQG,1.375639552
GKIIKLKASLKLL,1.459012698
NLCASLRARHTIPQCKKFGRR,0.409128155
SALVGCWTKSWPPKPCFGRG,1.361727836
TVYTQA,0.3595093895
IFGAILPLALGALKNLIK,0.903089987
GFKRIVQRIKDFLRNLV,0.4913616938
GFLSALKKYLPIVLKHV,-0.1079053973
WGNVLL,1.659540207
GLASTIGSLLGKFAKGGAQAFLQPK,1.397940009
FLSAITSLLGKLL,0.7781512504
NLLNDALGTVNGLLGS,1.806179974
GILGKLWEGFKSIV,1.204119983
FLPGLIKAAVGIGSTIFCKISRKC,0.4913616938
FLPAIIGMAAKVLPAFLCKITKKC,1.574031268
GLFGKILGVGKKVLCGLSGMC,0.4771212547
IRWRIRVWVRRI,0.1289607684
GFWGSLWEGVKSVV,1.096910013
FFFHIIKGLFHAGRMIHGLV,0.09691001301
FWGALAKGALKLIPSLVSSFTKKD,1.198657087
FFGTALKIAANVLPTAICKILKKC,1.494137583
GFVALLKKLPLILKHLP,0.4913616938
IFGAIAGLLKNIF,0.7923916895
LPRRNRWSKIWKKVVTVFS,0.823751808
FLPMLAGLAASMVPKFVCLITKKC,0.903089987
GWASKIGQTLGKMAKVGLQELIQPK,1.698970004
KAYSMPRCKYLFRAVLCWL,1.328106345
FLPFLIPALTSLISSL,1.698970004
TVVTNA,0.4123281702
FLPLLVGAISSILPKIF,1.096910013
LRPAILVRIK,2.037426498
FLPLLAGLAANFLPKIFCKITRK,0.6860978182
FLPLLFGALSTLLPKIF,1.397940009
FLPIVGKLLSGLL,2.041392685
FLPLVLGALSGILPKIL,0.4246148336
FLGGLLASLLGKI,0.4913616938
FLPFLASLLSKVL,1.903089987
GILGNIVGMGKQVVCGLSGLC,0.7075701761
FLPGLLAGLL,0.9912260757
VWLSALKFIGKHLAKHQLSKL,0.4913616938
GLKEVAHSAKKFAKGFISGLTGS,1.505149978
GLFDVIKKVASVIGGL,0.8884811266
GLFDIVKKIAGHIASSI,1.451219488
FMPIIGRLMSGSL,0.7222320394
GWKKWFTKGERLSQRHFA,1.806179974
GILGKLWEGVKSIF,0.903089987
QLPFVAGVACEMCQCVYCAASKKC,0.9286662482
GKPRPYSPRPTSHPRPIRV,-0.3010299957
GWLPTFGKILRKAMQLGPKLIQPI,0.1505149978
ILGPVLSMVGSALGGLIKKI,1.007341787
FLPAVLLVATHVLPTVFCAITRKC,0.8325089127
MWITNGGVANWYFVLAR,1.096910013
INWLKLGKKILGAL,1.84509804
DEDDD,1.349485002
VIVKAIATLSKKLL,1.602059991
FLFSLIPSAIAGLVSAIRN,1.204119983
EPFKLSLHL,1.44238053
GILDPIKAFAKAAG,0.9041578312
ITIPPIVKDTLKKFIKGAISGVM,1.301029996
GMATKAGTALGKVAKAVIGAAL,1.903089987
GILDAIKAFANALG,0.602503672
FFPVIGRILNGIL,1.079181246
HNSSKQWSHWLWHNGIRI,1.447006622
KLGFENFLVKALKTVMHVPTSPLL,0.6020599913
FLSGIVGMLGKLF,1.204119983
TSRCIFYRRKKCS,1.477121255
GLWSKIKEAAKTAGLMAMGFVNDMV,1.342422681
ILGKIWEGIKSLF,0.3494850022
SLLSLIRKLIT,1.903089987
GWKKWLRKGAKHLGQAAIK,1.204119983
LPFFLLSLIPSAISAIKKI,0.3979400087
AGLQFPVGRIGRLLRK,0.7993405495
KGRGKQGGKVRAKAKTRSS,0.636432544
KVFLGLK,1.687922706
ITIPPIVKDTLKKFIKGAISSVM,1.301029996
LAFVAGVAAEMMQHVYCAASKKC,0.9286662482
FFPLLFGALSSMMPKLF,0.1087035841
FLFSLIPSAISGLISAFK,0.9227942813
GIFGKILGVGKKTLCELSGMC,0.5051499783
FLKGCWTKWYSLKPKCPF,0.4470478943
ASVVNKLTGGVAGLLK,1.150514998
LAHQKPFIRKSYKCLHKRCR,0.3802112417
FFHHIFRGIVHVGKTIHRLVTG,0.3010299957
GLFDIAKKVIGVIGSL,1.486787675
TVVTQA,0.4023524811
GIMSSLMKKLAAHIAK,1.76180821
INWKKIASIGKEVLKAL,0.8633228601
FLPAIAGVAAKFLPKIFCAISKKC,0.4771212547
FLPAIVGAAGQFLPKIFCAISKKC,1.602059991
RIRFPWPWRWPWWRRVRG,0.1760912591
FLWGLIPGAISAVTSLIKK,0.9968730074
NGVQPKY,1.492203423
GLFDIVKKVVGAIGSL,1.189511122
FWGKLWEGVKNAI,1.5
FLFSLIPSAISGLISAF,1.681241237
FLPGLIKAAVGIGSTIFCKISKKC,0.7993405495
TRSSRAGLQFPVGRVHRLLRK,0.3661032414
FLPGLIKAAVGVGSTILCKITKKC,1.096910013
VIPFVASVAAEMMQHVYCAASKKC,1
INWLKLGKMVIDAL,0.3010299957
GWKSVFRKAKKVGKTVGGLALDHYL,1.505149978
GFGSVLGKALKFGANLL,1.096910013
GMASLLAKVLPHVVKLIK,0.2304489214
GAPKGCWTKSYPPQPCFGKK,1.274157849
FLPIIASVAANVFSKIFCAISKKC,1.431363764
AALKGCWTKSIPPKPCSGKR,1.068185862
FLPAALAGIGGILGKLF,1.198970004
FFGHLYRGITSVVKHVHGLLSG,1
GLFDIVKKIAGHIAGSI,1.45865384
GLTRLFSVIK,1.523746467
RLCRIVVIRVCR,1.041392685
FLSTIWNGIKSLL,1.230448921
ILPWKWPWWPWRR,0.7781512504
FLPAVLRVAAKVGPAVFCAITQKC,-0.0005347388313
GLVGTLLGHIGKAILG,1.795880017
GNGVLKTISHECNMNTWQFLFTCC,1.43617802
GILSGVLGMGKKIVCGLRGLC,0.5563025008
FLPIVASLAANFLPKIICKITKKC,0.7993405495
GAARKSIRLHRLYTWKATIYTR,1.132408912
INWLKLGKKMMSAL,1.812913357
FIGPVLKMATSILPTAICKGFKKC,0.4400207643
SLKDKVKSMGEKLKQYIQTWKAKF,-0.5228787453
FFRLLFHGVHHGGGYLNAA,1.806179974
GIGKFLHSAGKFGKAFLGEVMKS,1.698970004
IPPFIKKVLTTVF,1.397940009
SALVGCWTKSWPPKPCFGR,1.071882007
FLPIIASVAAKVFSKIFCAISKKC,0.84509804
AIGHCLGATL,0.6232492904
GLFDIVKKVVGAFGSL,1.481494009
KIKFLKVLT,0.414352161
RERSKGSKYLYVG,1.908617977
GFVALLKKLPLILKHLH,0.4913616938
LIAGLAANFLPQILCKIARKC,0.4423834226
MKTFLRLYRSLINKVLHV,0.8554749452
FLPAIVGAAGKFLPKIFCAISKKC,1
ATQSHQ,1.500096017
GLKDIFKAGLGSLVKGIAAHVAN,1.397940009
IWSFLIKAATKLLPSLFGGGKKDS,0.3412826929
FIFPKKNIINSLFGR,1.204119983
FLGLLFHGVHHVGKWIHGLIHGHH,1.806179974
FLGALIKGAIHGGRFIHGMIQNHH,1.806179974
FLSGLIGGLAKMLGK,0.9731278536
GLEETVYIYGANMAS,-0.4165261887
FFPIGVFCKIFKTC,1.477121255
WNDTGKDADGAEY,1.540181931
FLFSLIPHAIGGLISAFK,1.301029996
GIGKFLHSAGKFGKAFVGEIMKS,0.2791203753
FLSTIWNGIKGLL,1.176091259
LNWGAILKHIIK,1.025305865
INWKKIFEKVKNLV,0.8750612634
AIPWSIWWRLLFKG,0.4771212547
GMWSKILGHLIR,-0.09691001301
FLPLIASVAANLVPKIFCKITKKC,0.9777236053
LFGLIPSLIGGLVSAFK,1.761423678
GFWTTAAEGLKKFAKAGLASILNPK,1.903089987
ILGPVLGLVGNALGGLIKKI,1.012013293
LLFGKIISRLLGN,2.397940009
AIPWIWIWRLLRKG,1.096910013
FLPVILPVIGKLLNGIL,1.397940009
ATPATPTVAQFVIQGSTICLVC,-1.045441787
GLPWILLRWLFFRG,0.7781512504
GLFSKFAGKGIVNFLIEGVE,1.326606257
GFWGKLFKLGLHGIGLLHLHL,0.903089987
FFSMIPKIAGGIASLVKNLG,0.5884845456
KIKIPWGKVKDFLVGGMKAV,1.387389826
QCRRLCYKQRCVTYCRGR,-0.3979400087
FFPTIAGLTKLFCAITKKC,1.301029996
FLPLFASLIGKLL,2.146128036
TPFKLSLHL,1.303242706
FFWHHIGHALDAAKRVHGMLSG,1.096910013
GKWMSLLKHILK,-0.09691001301
FLPIIAGMAAKVICAITKKC,1.238560627
FLPAVIRVAANVLPTAFCAISKKC,0.7955323035
SMWSGMWRRKLKKLRNALKKKLKGE,0.6127838567
FLPIVTNLLSGLL,1.763427994
GMASKAGSVLGKITKIALGAL,2
APKGVQGPNG,0.9374120936
FLGLLGSLL,1.531478917
GLFTLIKGAYKLDAPTVACN,1.451544993
AVAGEKLWLLPHLLKMLLTPTP,1.396155465
IWSAIWSGIKGLL,0
FLHHIVGLIHHGLSLFGDRAD,0.3979400087
FLPLIGRVLSGIL,0.1505149978
NLVSGLIEARKYLEQLHRKLKNCKV,1.447158031
FFGSLLSLGSKLLPSVFKLFQRKKE,0.6389627198
SLSRFLSFLKIVYPPAF,1.401128659
ILGPVISKIGGVLGGLLKNL,0.7866074804
INPFVAGVAAEMMQHVYCAASKKC,0.9344984512
FLPLLAGLAANFLPKIFCKITRKC,0.2552725051
TKPTLLGLPLGAGPAAGPGKR,0.903089987
CVWGGDCTDFLGCGTAWICV,0.09691001301
FLPLLAGLAAKWF,1.274157849
GKLNLFLSRLEILKLFVGAL,1.204119983
GFWSSALEGLKKFAKGGLEALTNPK,1.096910013
FLPAIVGAAAKFLPKIFCVISKKC,0.4771212547
FFSLIPSLVGGLISAFK,1.541579244
FFGHLFRGIINVGKHIHGLLSG,0.6989700043
SALVGCWTKSYPPNPCFGRG,1.068185862
INMKASAAVAKKLL,1.012386312
ISQSDAILSAIWSGIKSLF,0.6020599913
FLSLIPSLVGGSISAFK,2.079181246
IIPFVAGVAAEMMEHVYCAASKKC,1.191907683
GWKKWLRKGAKHLGQAAIKGLAS,0.903089987
ILGTILGLLKGL,1.301029996
FLPLKKLRFGLL,0.4955443375
FLPKLFAKITKKNMAHIR,0.2041199827
ILGKLLSTAAGLLSNL,1.698970004
FLGMLLHGVGHAIHGLIHGKQNVE,1.653212514
FLPFIAGVAAKFLPKIFCAISKKC,1.113943352
GTKRGKLCRISRLAL,0.980870203
RRRRRFRRVIRRIRLPKYLTINTE,1.505149978
FLGPIIKMATGILPTAICKGLKKC,-0.002979646744
GVLSAFKNALPGIMKIIV,0.6334684556
ITPATPFTPAIITEITAAVIA,-1.546435043
FIGLLISAGKAIHDLIRRRH,0.6989700043
SALVGCGTKSYPPKPCFGR,1.103803721
FFPLIPGVRCKILRTC,1.574031268
RWGKWFKKATHVGKHVGKAALTAYL,0.903089987
GLKDKFKSMGEKLKQYIQTWKAKF,0.361727836
ITIPPIVKDTLKKFFKGGIAGVMGQ,1.602059991
LDVKKIICVACKIRPNPACKKICPK,1.025305865
ILSAIWSGIKGLL,1.176091259
FFGWLIRGAIHAGKAIHGLIHRRRH,0.6989700043
ARDGYIVDEKGCKFACFIN,1.806179974
LPFVAGVAAEMMQHVYCAASKKC,1
GVWSTILGGLKKFAKGGLDAIVNPK,0.4515449935
FLPIIGKLLSG,0.6989700043
GVWTTILGGLKKFAKGGLEALTNPK,1.752574989
VKGSWSKKFEVIA,1.698970004
IFGLLLHGAIHVGKLIHGLVRRH,1.150514998
GFGSLLGKALRLGANVL,0.7958800173
WLRRIGKGVKIIGGAALDHL,1.806179974
GILGTVFKAGKGIVCGLTGLC,1.096910013
FLGGLIKIVPAMICAVTKKC,0.5796903343
FIHHIIGGLFSAGKAIHRLIRRRRR,0.6989700043
FIITGLVRGLTKLF,0.8988166927
GWASSIGSILGKFAKGGAQAFLQPK,1.505149978
SAVGRHGRRFGLRKHRKH,0.4771212547
ATNIPFKVHFRCKAAFC,1.361727836
RLGTALPALLKTLLAGLNG,1.230448921
FLSLIPKIATGIAALAKHL,0.3010299957
GIGSAILSAGKSIIKGLAKGLAEHF,1.414973348
FIHHIFRGIVHAGRSIGRFLTG,0.4913616938
INLKAIAALVKKLL,1.602059991
FISQIISTARI,0.3551666042
LLRHVVKILEKYL,0.1873480738
FVLPLVMCKILRKC,0.7512560642
FIGAIARLLSKIF,1.698970004
DSHAKRHHGYKRKFHEKHHSHRGY,-0.7833737312
FFGRLKSVWSAVKHGWKAAKSR,0.6276362526
INLKAIAALAKKLL,1.602059991
INLKAIAALAKKLF,1.174535439
GILGNIVGMGKKVVCGLSGLC,0.8260748027
INLKAIAALARNY,1
NPAGCRFCCGCCPNMIGCGVCCRF,1.698970004
FLPVLGKVIKLVGGLL,0.4913616938
GLLDFVTGVGKDIFAQLIKQI,1.806179974
NLLGSLLKTGLKVGSNLL,1.505149978
GLVGTLLGHIGKAILS,1.795880017
FLFSLIPSVIAGLVSAIRN,1.204119983
FLPIIAGVAAKVFPKIFCAISKKC,0.84509804
VVKCSYRLGSPDSQCN,1.387258483
FLSHIAGFLSNLF,1
KRIVQRIKDFLR,1.602059991
GIGKFLHSAKKFGKAFVGEIMNS,0.607848948
GLKEIFKAGLGSLVKGIAAHVAN,1.397940009
IDWLKLGKMVMDVL,1.429268599
KKVWFIFHVCPKLKQRIL,0.8454492303
FLPFIAGMAANFLPKIFCAISKKC,0.903089987
INWKKIKSIIKAAMN,1.698970004
GWANTLKNVAGGLCKITGAA,1.28505667
ILGTILGLLKSL,1.082468374
AAKIILNPKFRCKAAFC,1.477121255
KLSPSLGPVSKGKLLAGQR,1.819543936
AALRGCWTKSIPPKPCSGKR,0.7634279936
FLPMLAGLAANFLPKIICKITKKC,0.7993405495
LRHKVYGYCVLGP,1.628702086
GLGSVLGKALKIGANLL,0.7958800173
AALKGCWTKSIPPKPCFGKR,0.4254902341
TVYTNA,0.3685381488
RIIDLLWRVRRPQKPKFVTVWVR,0.6020599913
FLPLFLPKIICEITKKC,2
ILELAGNAARDNKKTRIIPRHLQL,0.3979400087
AAFRGCWTKNYSPKPCL,1.707570176
GIFLKVLGVGKKVLCGVSGLC,0.7323937598
LKLKSIVSWAKKVL,1.774626284
AVNIPFKVHFRCKAAFC,1.150514998
GIFSTVFKAGKGIVCGLTGLC,1.096910013
GLFDIIKKIAESI,1.538582637
ILGEIWKGIKDIL,1.763298855
AIPWIWIWWLLRKG,0.7781512504
ALWKEVLKNAGKAALNEINNLV,1.505149978
FLPFIAGMAAKFLPKIFCAISKKC,0.3010299957
ITIPPIVKNTLKKFIKGAVSALMS,1
IDPFVAGVAAEMMQHVYCAASKKC,1.104757507
FLPIIGKLLSGLL,0.3979400087
IIIQYEGHKH,0.922725458
SGYLPGKEYVYKYKGKVF,0.5797835966
LIAGLAANFLPKLFCKITK,0.782710874
FLFSLIPSAIGGLISAFK,1.698970004
GLISGILGVGKMLVCGLSGLC,0.9344984512
FFPLLFGALSSHLPKLF,0.28750198
GGAGHVPEYFVGIGTPISFYG,-2.327427823
FLNALKNFAKTAGKRLKSLLN,0.8633228601
FFPLVLGALGSILPKIF,1.038039624
SMLSVLKNLGKVGLGLVACKINKQC,1.740362689
GLLSGILGAGKKIVCGLSGLC,0.5573574212
FLTGLIGGLMKALGK,2.176091259
GILGKIWEGVKSLI,1.397940009
GLLSGILGAGKRIVCGLSGLC,0.5511923743
FFPLIAGLAARFLPKIFCSITKRC,-0.4335065381
GVWSTVLGGLKKFAKGGLEAIVNPK,0.6020599913
SALVGCWTKSYPPKPCFGR,0.7781512504
HLRRINKLLTRIGLYRHAFG,1.570215875
FIGMIPGLIGGLISAIK,1.096910013
FKIPPIVKDTLKKFFKGGIAGVMGQ,0.6989700043
FKSWSFCTPGCAKTGSFNSYCC,-1.539569161
EWKLPDLIINHITLTRRNCNKYRCG,1.214843848
GLFTLIKGAYKNDAPTVACN,1.086359831
VDKPDYRPRPRPPNM,1.849485002
TWLKKRRWKKAKPP,1.545336658
IFGAIWKGISSLL,1.204119983
ILPIRSLIKKLL,0.7958800173
ILPFVAGVAAEMMEHVYCAASKKC,1.113943352
RNGCIVDPRCPYQQCRRPLYCRRR,1.505149978
SWASMAKKLKEYMEKLKQRA,1.404442934
FFSALLSGIKSLF,0.903089987
IIGPVLGLVGKALGGLL,2.204119983
FFGWLIKGAIHAGKAIHGLIHRRRH,0.3979400087
FLPGLIKVAVGVGSTILCKITKKC,0.7993405495
FFPIVAGVAGQVLKKIYCTISKKC,1.301029996
GLFDIVKKVVGALGSL,1.189511122
RMKLNAKKLSFC,1.046118467
LPLLAGLAANFLPKIFCKITRK,0.4106253429
FFPLALLCKVFKKC,1.397940009
LLSLALAALPKLFCLIFKKC,1.096910013
GMATKAGTAFGKAAKAIIGAAL,1.204119983
KAYSMPRCKGGFRAVMCWL,1.04572504
SWKSMAKKLKEYMEKLKQRA,-0.5228787453
NAGSLLSGWG,-0.1631927384
IFKAIWSGIKSLF,0.3010299957
FLSGILKLAFKIPSVLCAVLKNC,1.079181246
GWKKWFNRAKKVGKTVGGLAVDHYL,0.4515449935
KAYSTPRCKGLFRALMCWL,1.037908361
GNGVVLTLTHECNLATWTKKLKCC,1.505149978
NLKAIAALAKKLL,1.150514998
ILPFVAGVAAEMMKHVYCAASKKC,1.176091259
GVFDIIKGAGKQLIAHAMGKIAEKV,1.903089987
INWKGIAAMAKKLL,0.903089987
AALRGCWTKSIPPKPCPGKR,0.7634279936
FFCFKGTPCG,1.106635608
GWGSFFKKAAHVGKHVGKAALTHYL,1.204119983
FLPFLAGLFGKIF,2.176091259
NILNTIINLAKKIL,1.574031268
FFHHIFRGIVHVGKTIHKLVTGT,0.3979400087
VGVGGGFGR,2.191171701
IWLTALKFLGKNLGKHLAKQQLAKL,0.8920946027
GLLSGVLGVGKKIVCGLSGLC,0.7160033436
VIVFVASVAAEMMQHVYCAASKKC,1.08804563
FLPLIASLAANFVPKIFCKITKKC,0.6812412374
RPKPQQFFGLM,0.6259869987
FLPVIAGVLSKLF,1
FLPFLATLLSKVL,2
INLKAIAPLAKKLL,1.903089987
FLGALWNVAKSVF,1
IDWKKLLDAAKQIL,0.6842946393
CVHWMTNTARTACIAP,1.397940009
GVLSVIKNALPGIMRF,0.6334684556
GILGNIVGMGKKIVCGLSGLC,0.4913616938
LNLKGIFKKVASLLT,0.7781512504
GMASKAGSVLGKLAKVAIGAL,2
GLLRASSVWGRKYYVDLAGCAKA,1.081817093
GLISGLLGVGKMLVCGLSGLC,1.008600172
VFQFLGKIIHHVGNFVHGFSHVF,-1.125005005
ILPFVAGVAAMEMEHVYCAASKKC,0.8494850022
GIGKFLHSAGKFGKAFIGEIMKS,1.698970004
AIPWSIWWHLLFKG,0.1760912591
INWLKLGKAIIDAL,2.079181246
GFWGKLWEGVKNAI,1.08804563
FLPVLAGIAAKVVPALFCKITKKC,0.4997607628
GNNRPIYIPQPRPPHPRL,1.372135687
FLGGLMKAFPALICAVTKKC,1.230448921
FIHHIIGGLFSVGKHIHGLIHGH,0.6989700043
GLFLDTLKKFAKAGMEAVINPK,1.903089987
VGRKHSILNCIPYLKKKKIMRL,0.4815975104
FWQKMSFA,1.505149978
FFGHLFKLATKIIPSLFQ,0.1760912591
FRSGILKLASKIPSVLCAVLKNC,1.096910013
FFPIIAGMAAKVICAITKKC,0.7955323035
RPRPNYRPRPIYRP,0.3222192947
ILGPVISTIGGVLGGLLKNL,0.6677038818
VIPFVASVAAEMMQHVYCAASKRC,1.281976631
GLKEIFKAGLGSLVKGIAAHVAS,1.397940009
FIPLVSGLFSRLL,0.4515449935
FGLPMLSILPKALCILLKRKC,1.301029996
AILTTLANWARKFL,1.875061263
AVNIPFKVHLRCKAAFC,1.301029996
LRLKSIVSYAKKVL,1.117623445
GKGRWLERIGKAGGIIIGGALDHL,1.204119983
GLLDIVKKVVGAFGSL,1.490541118
GLFDIVKKIAGHIVSSI,1.444386765
GLLSKVLGVGKKVLCGVSGLC,1.692388216
FFRHIKSFWKGAKAIFRGARQG,1.150514998
WWWLRKIW,0.7923916895
RKGWFKAMKSIAKFIAKEKLKEHL,1.096910013
SPAGCRFCCGCCPNMRGCGVCCRF,1.690105621
FLPFIAGMAAKFLPKIFCAISKK,0.9927307726
GLLSNVAGLLKQFAKGGVNAVLNPK,0.903089987
FIGALLRPALKLLAGK,1.505149978
FIGMIPGLIGGLISAFK,1.096910013
GFMSKVANFAKKFAKGGVNAIMNQK,0
FFRLLFHGVHHVGKIKPRA,1.35463498
FLGMIPGLIGGLISAFK,2
GEGFLGMLLHGVGHAIHGLIHGK,0.278753601
GVSKILHSAGKFGKAFLGEIMKS,2
VIPIVSGLLSSLL,0.4515449935
GWRLLLKKAEVKTVGKLALKHYL,0.4515449935
RGSALTHLP,1.786751422
IWLTALKFLGKHAAKHLAKQQLSKL,0.4913616938
FFPSIAGLAAKFLPKIFCSITKRC,-0.4247609317
GLFDIVKKVVGTLAGL,1.18575768
GLISGILGVGKKLVCGLSGLC,0.9286662482
YPCKLNLKLGKVPFHF,1.526439293
VDKPPYLPRPPPPRRIYNNR,1.718785123
FLPFVGKLLSGLL,1.096910013
PFKLSLHL,1.108421692
FPFLLSLIPSAISAIKRL,0.3010299957
LRWTPTPSYPRYPTRSRGSRWSR,1.053604985
INLKAITALAKKLL,1
FTVATFI,0.8506062767
FLPLIAGVAANFLPKIFCLISKKC,0.4771212547
GFGSLLGKALKIGTNLL,0.7781512504
FLPIIAGAAAKVVEKIFCAISKKC,0.7781512504
FLPLIAGVAASILPKIFCFITKKC,0.4771212547
FKTWKRPPFQTSCWGIIKE,1.067814511
GLFDIIKKVASVIGGL,1.186391216
FLPAVLRVAAQVVPTVFCAISKKC,0.4771212547
NALSMPRNKCNRALMCFG,0.790285164
GLLSGILGAGKHIVCGLSGLC,0.103803721
FLPLVTMLLGKLF,0.6989700043
GIGGALLSAGKSALKGLAKGLAEHL,0.9084850189
FLPVLAGLTPSIVPKLVCLLTKKC,1.397940009
GIGGALLSAGKSALKGLAKGLAEHF,1.198657087
IIPLPLGYFAKKT,0.7781512504
FMGGLIKAATKIVPAAYCAITKKC,0.4771212547
RVCYAIPLPICY,1.322219295
GIGGALLSVGKSALKGLTKGLAEHF,1.489958479
FLPVIAGLAAKVLPKLFCAITKKC,0.3979400087
GMASKAGSIVGKIAKIALGAL,1.698970004
GWASKIGTQLGKMAKVGLKEFVQS,1.397940009
FLGSIVGALASALPSLISKIRN,1.397940009
SILPTIVSFLSKFL,1.380211242
RVCMAIPLPLCH,1.471878199
GLLSVLGSVAKHVLPHVVPVIAEHL,0.06445798923
GVVDILKGAAKDIAGHLASKVMNKL,1.602059991
GLWSTIKNVGKEAAIAAGKAVLGSL,-0.3010299957
TSRCYIGYRRKVVCS,1.290924559
FLPPSPWKETFRTS,1.098643726
GILSGVLGMGKKIVCGLSGLC,1.698970004
FLPLLASLFSGLF,1.113943352
NALSSPRNKCDRASSCFG,0.5145477527
SILPTIVTFLSKFL,1.397940009
FISAIASMLGKFL,2
FLPAIVGAAAKFLPKIFCAISKKC,1.230448921
FLSLIPHAINAVSAIAKHN,0.8976270913
FLSLIPHAINAVSAIAKHF,0.5563025008
GLGSLVGNALRIGAKLL,1.096910013
GLLGSIFGAGKKIACALSGLC,1.447158031
LLGMIPLAISAISALSKL,0.903089987
FLPIIAGVAAKVLPKLFCAITKKC,0.3979400087
GWGDTFGKVLKNFAKVAGVKAAK,1.204119983
LALERRSGWLRLFGLKPRRKH,1.096910013
FLPIVGRLISGLL,1.176091259
FLPILAGLAAKIVPKLFCLATKKC,0.3010299957
KIAKVALKAL,0.9190780924
FFPIVGKLLFGLFGLL,0.1461280357
NVLSSVANGINRALSFFG,1.303196057
GLWQKIKQAAGDLASGIVEGIKS,1.327358934
GWGDTFLKTMAKIAKVGPKLLHS,0.903089987
FLGGLFKLVPSVICAVTKKC,1.096910013
GVVTDLLNTAGGLLGNLVGSLSG,2.397940009
GILSGILGVGKKLVCGLSGLC,0.4653828514
RVCFAIPLPICH,1.462397998
FLPIVGKLLSGLSGLS,0.1931245984
AIGSILGALAKGLPTLISWIKNR,0.7781512504
FLPIALKALGSIFPKIL,0.8325089127
ILPIIGKILSTIFGK,0.7958800173
FLPFIARLAAKVFPSIICSVTKKC,1.740362689
ILPLLLGKVVCAITKKC,0.84509804
FALGAVTKRLPSLFCLITRKC,0.9190780924
NFLGTLINLAKKIM,1.681241237
FLPVIAGVAAKFLPKIFCAITKKC,0.6020599913
GILSGLLGVGKMLVCGLSGLC,1.010723865
FLSLALAALPKLFCLIFKKC,1.113943352
FLIGMTHGLICLISRKC,1.117271296
FLPLLFGAISHLL,1.488550717
FLPMLAGLAASMVPKLVCLITKKC,0.7781512504
FLPLLLAGLPLKLCFLFKKC,0.7403626895
VIGSILGALASGLPTLISWIKNR,0.7781512504
ILGPVLGLVGNALGGLIKKL,0.6812412374
GLFDIIKNIFSGL,1.84509804
GILSTVFKAGKGIVCGLSGLC,0.4913616938
GLFGKSSVWGRKYYVDLAGCAKA,0.4048337166
FLPIITNLLGKLL,0.7781512504
GSAQPYKQLHKVVNWDPYG,0.8363241157
GIWDTLKNVGKAVLGKVLENV,1.096910013
NFLDTLINLAKKFI,1.698970004
FLPILGNLLSGLL,1.698970004
SMLSVLKNLGKVGLGFVACKINKQC,1.397940009
FLPVIASVAAKVLPKVFCFITKKC,0.1760912591
FLPAVLRVAAKIVPTVFCAISKKC,0.4771212547
GLWQKIKSAAGDLASGIVEGIKS,1.031408464
FFPMLAGVAARVVPKVICLITKKC,1.096910013
GWASKIGQALGKVAKVGLQQFIQPK,1.096910013
FLPIIGKLLSGIL,1.176091259
GLLSGILGAGKNIVCGLSGLC,0.1105897103
VWPLGLVICKALKIC,0.278753601
FLPILGKLLSGLL,1
GLFGVLGSIAKHVLPHVVPVIAEKL,0.665580991
FLPVLTGLTPSIVPKLVCLLTKKC,1.698970004
FCTMIPIPRCY,1.342422681
GLFTLIKCAYQLIAPTVACN,0.9201233263
GWMSKIASGIGTFLSGIQQ,1
FFPIVGKLLS,1.126780577
FLGSLLGLVGKVVPTLFCKISKKC,0.08635983067
GLWSTIKNVGKEAAIAAGKAALGAL,-0.3979400087
FFPIVGKLLSGLL,0.727541257
FLGAIAGVAAKFLPKVFCFITKKC,0.4771212547
FFPIVGKLLFGKLL,0.6730209071
FLPILAGLAAKLVPKVFCSITKKC,0.4771212547
RVCSAIPLPICH,1.486288761
GIGGALLSAGKAALKGLAKVLV,0.6720978579
GIFGKILGVGKKVLCGLSGVC,0.4623979979
IIGHLIKTALGMLGL,1.079181246
GLFSKFAGKGIKNFLNKGVKHIGKE,0.1903316982
FLPLAVSLAANFLPKLFCKITKKC,0.3138672204
GMASKAGSVLGKVAKVALKAAL,1.698970004
GILSGILGAGKSLVCGLSGLC,1.698970004
FLSLIPHIVSGVAALAKHLG,1.096910013
QVFTLIKGATQLIRKTLGEQ,0.551449998
CVISAGWNHKIRCKLTGNC,1.376029182
GLLDTLKGAAKNVVGSLASKVMEKL,2.301029996
DCTRWIIGINGRICRD,0.9965116722
GLLGSLFGAGKKVACALSGLC,1.748188027
FLPGLIAGIAKML,0.9684829486
GLLSGILGAGKHIVCGLTGCAKA,0.6414741105
GLNTLKKVFQGLHEAIKLINNHVQ,0.6532125138
GWASKIGQTLGKIAKVGLKELIQPK,2.148479258
FLPIIAKVLSGLL,1.176091259
FLPLLAGLAANFLPTIICKISYKC,0.982271233
ILGPVIKTIGGVIGGLLKNL,0.6776069527
FLSIIAKVLGSLF,0.6989700043
GLLSSLGSVAKHVLPHVVPVIAEHL,1.58500928
GINTLKKVIQGLHEVIKLVSNHA,0.8129133566
GINTLKKVIQGLHEVIKLVSNHE,1.079181246
AAPRGGKGFFCKLFKDC,1.432969291
SLWETIKNAGKGFIQNILDKIR,0.5670263662
AVDLAKIANKVLSSLF,1.574031268
FILPLIASFLSKFL,1.079181246
FMGSALRIAAKVLPAALCQIFKKC,0.3802112417
FIGPVLKIAAGILPTAICKIFKKC,-0.03621217265
FLPIAGKLLSGLSGLL,-0.1079053973
FFPIVGKLLSGLSGLL,0.1789769473
NFLGTLVNLAKKIL,1.301029996
FLPILASLAATLGPKLLCLITKKC,0.903089987
GLFSVLGAVAKHVLPHVVPVIAEK,0.3636119799
ILGPVLGLVSDTLDDVLGIL,1.903089987
FLPLIGKILGTIL,0.6989700043
GILSNVLGMGKKIVCGLSGLC,1.84509804
FLPLVGKILSGLI,1.84509804
GLFSVLGAVAKHVLPHVVPVIAEKL,0.3636119799
FLPLIAGLAANFLPKIFCAITKKC,0.9542425094
FLSSIGKILGNLL,1.096910013
GLLSVLGSVVKHVIPHVVPVIAEHL,0.9813655091
FVGPVLKIAAGILPTAICKIYKKC,-0.3372421683
FFFLSRIF,1.096910013
GIGSALAKAAKLVAGIV,1.096910013
VLPLISMALGKLL,1.77815125
GFLGSLLKTGLKVGSNLL,1.903089987
FISAIASFLGKFL,2.113943352
FLSLIPHIVSGVASIAKHF,0.6989700043
FLPIIAGAAAKVVQKIFCAISKKC,0.4771212547
FLSLIPHIATGIAALAKHL,0.278753601
FLGPIIKIATGILPTAICKFLKKC,0.1613680022
HFLGTLVNLAKKIL,0.7781512504
FLPIIAGIAAKFLPKIFCTISKKC,0.1760912591
GLLSVLGSVAQHVLPHVVPVIAEHL,0.361727836
FLPILGKLLSGFL,1
FMPILSCSRFKRC,0.7708520116
NILSSIVNGINRALSFFG,1.290479813
RVCYAIPLPIC,1.602059991
FLPLVTGLLSGLL,1.806179974
FLPLLAGVVANFLPQIICKIARKC,0.3802112417
FLPLLASLFSRLL,0.3010299957
FLPLLASLFSRLF,0.3010299957
FLGGLMKIIPAAFCAVTKKC,1.255272505
FLPILAGLAANILPKVFCSITKKC,0.4771212547
NFAEIFAAVNKLIKQGVVKG,1.698970004
FLSLIPHAINAVSALANHG,0.6127838567
GILSGILGMGKKLVCGLSGLC,1.698970004
FLPKLFAGIISKNF,1.119585775
GLFDIIKKVASVVGGL,1.190331698
GIGSILGVIAKGLPTLISWIKNR,0.6989700043
GLNALKKVFQGIHEAIKLINNHVQ,1.505149978
GLLSGTSVRGSI,1.195899652
FLPVIAGLLSKLF,0.903089987
FLPVIAGVAANFLPKLFCAISKKC,0.4771212547
FLIGMTQGLICLITRKC,0.8976270913
FLPILINLIHKGLL,2.096910013
SMISVLKNLGKVGLGFVACKVNKQC,1.77815125
GLRSKIWLWVLLMIWQESNKFKKM,0.4913616938
FLPVILPVIGKLLSGIL,1.574031268
FLSLIPHAINAVSTLVHHF,0.278753601
FFPIVGKLLFGLSGLL,-0.1366771399
FLFPLITSFLSKVL,2.113943352
FLPILASLAAKFGPKLFCLVTKKC,0.3979400087
GIGSLLAKAAKLGANLL,1.096910013
GILSGILGVGKMLVCGLSGLC,0.6354837468
FLPILASLAAKLGPKLFCLVTKKC,0.6020599913
RIGVLLARLPKLFSLFKLMGKKV,1.397940009
FLPGVLRLVTKVGPAVVCAITRNC,0.4913616938
FLPLLAGLAANFLPKIFCKITKKC,1.096910013
GCSRWIIGIHGQICRD,1.616370472
VRLEFKLQQTSCRKRDWKKP,0.6908826709
FIHHIIGGLFSVGKHIHSLIHGH,-0.02033495706
GVFDIIKDAGKQLVAHAMGKIAEKV,2.481630767
KLLKLLLKLLLKLLK,1.096910013
ILKKWPWWPWRRK,0.3278354322
LLRRVAGLLKQFAK,0.6954548657
IISTIGDLVKWIIKTV,1.544068044
GNNRPVYIPQPRPPHPRF,1.776304504
PKRKSATKGDEPA,2
KFFKKFFKKW,2.552786867
GAWKNFWSSLRKGFYDGEAGRAIRR,1.589949601
FLGWLFKVASK,1.775662391
RRPRPRPRPFFFFF,1.301029996
KLLKFIKKLL,0.9052961337
GIGKFLKKAKKGIGAVLKVLTTGL,0
IAAQGLPQE,3.096910013
KKAAAMAAAAAMAAWAAMAAAKKKK,-0.3010299957
HKTDSFVGLM,2.644240081
RGARRR,1.982271233
WKSYVRRW,2
ILPWKWPWWAWRR,1.698970004
GLMSLVKDIAKLAAKQGAKQ,2.092164898
RPKHPIKHQGLPQEVLNENLLRFF,2.276266033
WIQPKTKVIPYARYL,1.591765594
RKKKFKFFKRLF,-0.5245521544
RKWHFW,2.204119983
KKLKKFLKLQ,1.096910013
FPVGRVHRLLRK,1.335533875
GLFAVIHKVASVIGGL,1.643452676
VARGWKRKCPLFGKGG,1.477121255
FKCRRWQWRMKKLG,1.093421685
KWKWWKWKK,1.949630639
AWRFKNIRK,2.174262571
AAGWGLRRLLKYGKRS,0.941156609
AKKVFKRLEKSFSKIQNDK,1.698970004
LGGLIKIVPAMICAVTKKC,2.116307187
RWWRWWRRWW,1.11621085
KKFWEDDG,2.096874516
WRKLWRGGLKRWLK,0.903089987
VKRFKKFFRKLKKSVKK,1.464590476
IKKIIKKIIK,2.698970004
WIQPKTKVIPAVRAL,2.494850022
FKALLWQWRM,2.161966616
WKLFKKILKKL,1.397940009
GLFSVLGSVAKHVVPRVVPVIAEHL,2
GLLGPLLKIAAKVGKNLL,0.4771212547
FLPFVGRIASKVVPSVIGKV,2.083219939
FFFDTLKNLAGKVIGALT,2.113943352
PGMGIYLPM,-1.22184875
LVRGCWTKSYPPKPCFVR,0.8195439355
KKVVFKVKFKK,0.6020599913
LE,1.397940009
VRFRIRVAVIRA,0.6150507585
AQKIISTIGKLVKWIIKTVNKFTKK,1.012837225
LK,0.1931245984
LV,2.142848686
LP,2.146666705
RWWRWRR,2.318256791
WKWPWWPWRR,-0.3979400087
DTGPIRRPKPRPRPRPE,2.301029996
FSTKTRNWFSEHFKKVKEKLKDTFA,1.906084061
KRLFKKLLKFSLRKY,-0.6989700043
FKAFRWAWRMKKLAAPS,1.485093658
FWGALAKGALKLIGVSLFSSFSKKD,2.477121255
HRKKWFW,0.6020599913
GNNRPVYLPQPRPPHPRI,0.268222102
RKKKLKVVKRLV,0.8253714732
KKKK,0.7958800173
KKVVFKVKFK,0.6810267836
FFHHIFRGIVHVGKTIHKLVTG,1.895477796
FWGLKGLKKFSKKL,1.075698224
IIPLPLGYFAKKP,1.83659646
WRWRCRRRFCRWRW,0.6020599913
RLARIVVIRVRR,0.7250091567
AFHHIFRGIVHVGKTIHRLVTG,0.3010299957
GAPKGCWTKSYPPKPCK,2.204119983
PFWRRRIRIRR,1.585041847
VKKLAKLVRRF,1.071305769
KRRGSVTTRYQFLMIHLLRPKKLFA,1.514177988
RRFPFFPFKFPLI,-0.3979400087
LKLLLLKLLL,1.326197624
GLLKPLLKIAAKVGSNLL,1.096910013
VCWRIRVAVIRA,1.34624821
AVNIPFKVHFR,2.876940771
CKLLLKWLLKLLKC,2.176091259
KKKKKFKKLQ,1.607455023
FKRLEKLFSKIQNDK,2
RLWLAWKRR,0.6989700043
RWCVYAYGRVRGVLVRYRRCW,0.7958800173
FFHHIFRGIVHIGKTIHRLVTG,1
VFLGNIVSMGKKI,2.15312283
KILRGVSKKIMRTFLRR,0.5803253335
AKKVFKRLPKLFSKIWNWK,0.4955443375
FFPIVGKLLSGLF,1.875061263
GFKDLLKGAAKALVKTVKF,2
KARRAVRAI,1.789035152
RARFEELNMDLFRR,2.079181246
RRRWIVVIWRRR,0.05746453751
GLLKR,1.723656959
KLAGLAKKLAGLAKKLAGLAK,1.792581083
KIAGKIAKIAGKIAKIAGK,2.134225249
GLPALISWIKRKR,-0.07298285258
VKLNVYPLKVKLYP,0.6793144535
FWGALAKGALKLIVGSLFSSFSKKD,2.477121255
GLPASISWIKRKRQQ,2.15044021
KWKSFIKKLTKKFLHSAKKF,0.2051507434
GLLKRAKTLL,1.566519324
RAWVAWRNR,2.614614826
KWKLFKKGAVLKVLT,0.903089987
WWWLRRRW,0.4913616938
CKSIFC,3.154975114
RRRCPIVVIRVCRR,0.05006412585
IISTIGKLVKWIIDTV,1.204119983
CWKWKWKWGSGWKWKWKWC,-2.15490196
VAIALKAAHYHTHKE,2
GLRKRKRKFRNKKKEKLKKI,1.806179974
RHRHRHRHRH,0.8283787549
FPWWWPF,2.671529469
LVKRFKKFFRKLKKSV,1.493876411
KLPKWIIKTVNKFTKK,0.5185139399
RWWRWWRRWWRWWR,1.72427587
KKKKLFLLKQ,2
FLGVVFKGASKVFPAVVGKV,2.09659217
RKKRLKVVKRLV,0.8173087085
SGKLWWRRKK,1.698970004
RGRKVVRRKK,1.903089987
GIHDILKYAKPS,1.176091259
AKHQGLPQE,3.397940009
KALWKTLLKKVLKA,0.1760912591
ILPLKLPLLPWRR,0.4907813163
KKLKLFKKLQ,1.397940009
KKLLKLLLKLLK,0.6532125138
GIGAVLKVLALISWIKRKR,1.096910013
INWSSIFESVSNLV,2
RGRKGGRRKK,1.903089987
INPKSVQSLL,2.301029996
AAGRWWRWWRRWWRR,1.148818883
GIHRILKYGKPS,1
WWKRWKKLRRIFLML,0.2674616603
QAKIRVRLSA,1.447724476
FFHHIFRGIVHVAKTIHRLVTG,0.3010299957
WLLKW,2.030978837
KRFWQLVPLAIKIYRAWKRR,0.6020599913
DEKGPKWKR,1.488384093
LKLKLYPLKLKLYP,1.123624776
VLIKTRLFIKRK,0.903089987
ILGLVISTIGNVLGGLLKNL,1.697353186
GIWDTIKSMGKVFAGLILQNL,1.397940009
KLVKRFKKFFRKLKKS,1.788804825
GKFLHSAGKFGKAFLGEVMIG,2
RRPWRWPRWPWRR,1.496740118
YVLAKRKRAIFI,2.301029996
KKKLLFKLKQ,2
GSKKPVPIIYCNRRSAKCQRM,1.419514011
YPVKLKYPKVKL,2.308076534
KKWLKLKLKLKK,2.146128036
GIMSSLMKKLAKHIAK,0.7923916895
VRLIVAVRIWRR,0.5123210876
WKKIWKPGIKKWIK,1.204119983
RRWKIVVIRWRR,0.4471580313
IKKWWSKIKKLLK,-0.1079053973
GLFDVIKKLLKKIKGL,0.4913616938
FFIYVWRRR,0.8808135923
GIKDILKYGKPS,1.477121255
GIGKFIHAVKKWGKTFIGEIAKS,0.7993405495
RRWWRRWRR,2
LLKKLFKKKQ,1.698970004
HRHR,2
CGGYCGGWKRKRCTSYRCG,0.903089987
CNGRCGGKLAKLAKKLAKLAK,2.415244797
KDWEHLKDWEHLKDWEHL,2
FKCRRWQWRMKKLGA,1.505149978
KRRLAAFRAFRGALKSVLKK,0.9361341592
RLARIVPIRVAR,2.245723879
GFFALIPKIISSPLFKTL,1.232092575
GRPNPVPNPKPPHPRL,1.113943352
WRHWRRFWHR,0.7958800173
RKRLKWWIY,0.2503153662
RIRRWKFRW,0.7242758696
HRWWRWWRR,0
KDLHTVVSAILQAL,1.520634071
FLKALFKALSKLL,1.224200033
KKEK,1.096910013
HRWWRWWRH,0
ERER,2
FLKKVFKLASKVFPAVFGKV,1.453262518
KKLFKKILKDL,1.849419414
RALKRIKHVLK,1.96282073
ALLLAIRKR,1.579489271
KAMKPWIQPKTKVIP,3.096910013
ECYCRRRFCVCVGR,-0.3979658174
KLLKLLLKLLKLLLKLLLKLLK,1.397940009
KLKKKFLKKQ,1.698970004
GVLDILKGAAKDLAGHVATKVINKI,2
WWYNWWQDW,2.531783509
SVIGCWTKSIPPRPCFVK,1.77815125
ILGPVISTIGNVLGGLLKNL,1.700837746
ILGKLLKTAAKLLSNL,0.903089987
TWLKKRRWAKAKPP,-1.468874712
VKLGVYPLKVKLYP,1.472524208
LIGSLVRGILPLF,2.262811552
FFFLRRIF,2
APRKNVRF,2.11282264
AWKEKIRQYLKNEIKKKWRKAVIAW,0.903089987
APRKNVRW,1.794949826
FLGVVFKLASKVFGKVFGKV,0.5664943823
FLSTALKVAANVVPTLFCKITKKC,2.176091259
ILRWKWRWWRWRR,0.4623979979
INWKKIASIGKEVL,2
IKKIIKKIIKKI,2.698970004
WHWTWLRIRKKLR,1.096910013
KKAAALAAAAALAAWAALAAAKKKK,-0.6020599913
KAKLFKKIPKFLHLWKKF,0.3010299957
FSGGNCRGFRRRCFCTK,0.8760790951
SKVGRHGRRFGHRAHRKL,2
KNNRPVYIPKPRPPHPRL,-0.33837124
TLKQFAKGVGKWLVK,2.069795202
AGYLLGKINLKALAALAKKIL,0.5640893328
IYYPPNHNFP,2.006362927
GMWSKILPHLIR,2
WWWLRRIR,1.096910013
TISQPEWFKARRWQWRMKKLGA,-0.4436974992
RWCVYAYVRIRGVLVRYRRCW,-0.8410970467
KWLKKLLKKLL,-0.1494884457
ILGKILEGIKSLF,1.204119983
GCRALCYKQRCVTYCRGA,0.903089987
STLHLVLRLRGG,1
STLHLVLRLRGA,2
SHHWLWLW,1.234959093
GIGRFLHSARRFGRAFVGEIMNS,1.621176282
LYAAIIKKLLES,1.96425963
RWRWRWFSGGFIKHFIHRF,1.377573919
LFKVASKVLPSVK,2.150039775
KAACAAHCLWR,2.21130941
RAGLQFPVGRVHRLL,1.871922674
GRRRRSVQWCA,0.1628607333
ALLKRIKTLL,1.254584854
WKKVWKPGVKKWVK,2.10720997
ILPWKWAWWPWRR,1.397940009
AKKIRVRLSA,1.146678081
KKKKKKALFALWLAFAA,1.505149978
GIWKTIKSMGKVFAGKILQNL,1.137263536
SAVGSVASKVVPSLISKVTK,2.116579219
RILSILRHQNLLKE,1.301029996
FLGALLGPLMNLLQ,2.204119983
GALKRIKTLL,1.587203923
KRKGKRK,1.806179974
KKLLPIVANLLKSLL,0.4780413522
KFHWWKWRK,2.251297112
ILPWKWPWWPWAR,-0.3979400087
GFGMALRLLRRVL,1.230448921
KWKSFIKKLTSAAKKVTTAAKPLTK,1.362857801
KKLAKAPKLLALLWLKLAKALKKA,0.3283796034
KRFWPVVIRTVVAGYNLYRAIKKK,0.08267595412
VIRTVVAGYNLYRAIKKK,1.554389695
TWLKKRRAKKAKPP,0.9716052153
KKKLKFKKLQ,2
RRIIRKIIHIIKK,1.07387007
KNLRRIIRKIIHIIKKYG,1.661812686
ILGKLLSTAWGLLSNL,0.84509804
KLLKLLLKLWKKLLKLLK,1.651109857
ILPIKIPIIPIRR,1.397940009
GLPALISWSKRKRQQ,1.726551104
INWSSIFEKVKNLV,1.544068044
KFHEKHHSHRGY,1.709216487
IKKIVSKIKKLL,0.4955443375
KRIRKRIKKWLR,0.6020599913
FLSTLLNVASKVVPTLFCKITKKC,0.9542425094
KLLKLLLKLLLKLWK,0.7958800173
IAAAGLPQE,3.397940009
GGHKLAKLAKKLAKLAK,-1.22184875
FIFHIIKGLF,0.7043783693
KIASIGKEVLKAL,2
KRWWRKWWR,0.7323937598
FLHHIVGLIHHGKLDMYRSNN,1
RGFARR,1.982271233
HIQKEDVPSERYLGYLEQLLRLKK,2.269599863
VKLKVYPLKVKLYP,1.170529722
GMASKAGAIAGKIAKVALKALGGC,0.7993405495
KWFLWH,2
KKLFKKILKYL,0.3979400087
KFFKFFKFF,1.368023836
KWKLFKKIPKFLHLAKK,1.579783597
FRKLFRVYSNFLRGKLKL,1.342422681
PKLLKTFLSKWIG,0.9911461381
LKLKKFLKKQ,1.698970004
KWFRVYRGIYRRR,0.8282884969
GCRRWKKFRWRYRGKFWFWCG,1.342222129
FLPAVIRVAANVLPTVFCAISKKC,0.7956834079
GMWSKILGKLIR,1.419955748
KWKIFRRWW,-0.1064976116
HPQTNQR,1.861736588
KWKLFKKIPFLHLAKKF,1.414973348
WLNALLHHGLNCAKGV,1.56412479
AGKKTIRQYLKNKIKKKWRKAVIAW,0.903089987
FLGALWNVAKKVF,0.1931245984
KRRLIARILRLAARALVKKR,0.3183907454
KWFHWK,2
LGRKIAHGVKKYGPTVLRII,0.9547323875
CYCRRRFCVC,1.032404895
RRWPLLPWKWPLI,0.5500800453
SPGRPRPFPGRPKPIFRPR,2
VKLVYPLKVKLYP,-0.4941475784
RWR,2.09302843
GRFKRFRKKFKKLFKKLS,0.6020599913
FLGALWKVAKSVF,0.1931245984
MKSIAKFIAKTVAKQGAKQG,2.084875108
YRKKWFW,1.505149978
KKAAAYAAAAAYAAWAAYAAAKKKK,-0.6020599913
GFKDLLKGAAKALVKTVLF,1.698970004
KKLAKALKLPALLWLKLAKALKKA,0.07188200731
LNWKAILKHIIK,1.155336037
GMAKLLAKVLPHVVKLIK,1.243038049
GRILSFIKGLAEHL,0.80859197
HFLGTLVNLKKKIL,2.10720997
KVFKRLEKLFSKIQNDK,2
IKSIASKVANTVQKLKRKAKNAV,1.698970004
NRNR,2
GVVKVSRLKGESLRARL,1.029599212
KLFKRWKHLFR,1.302027419
RWRSFFKKAAHRGKHVGKRARTHYL,0.3979400087
VLNENLL,3.096910013
GNNRPVYIPKPRPPHPRI,-0.03392892178
RHRH,2.917454958
KWKLFKKIPLHLAKKF,1.897627091
WKPGKW,2.10720997
ILGKLLSTAWGLLSKL,1.301029996
PPRLPRPRPRPLPFPRPG,1.599883072
RRWWRHWRR,1
FFHHIARGIVHVGKTIHRLVTG,0.3010299957
KFAKKFKWFAKAAFKFFKK,0.6203395757
KQWRIRVCVIRA,1.321060221
RIVFAVLSIVNRVRQ,0.2433565313
IWGLIAHGVGHVGRLIHGLIRG,1.380211242
KKLFKKILKFL,1.056179515
WKKKWLWL,1.703526007
WKLFKKIPKFLHLAKKF,0.9777236053
TALKKRRWKKAKPP,0.9716052153
GMLKRIKTLM,2.301029996
INWLKLGKKMMSAI,1.84509804
KKLFKKILKLL,0.8633228601
GFGMALKLLKKVL,1.683947131
KKPKLPWLPKK,1.123851641
IRIK,2.975770141
HTGRSGPATGHSGHSSTHGS,2.126092505
RRIRPRPPRLPRPC,1.204119983
PQPRPPHPRL,1.806179974
VVFKLASKVVPSVYCTITKK,2.063706205
RLYRRRFVVGR,1.397940009
FVPWFSKFLGRIL,1.096910013
KLWKKWKKWKK,2
KAK,2
LKKLLKWLKKL,0.15154155
KKWMQKVIDRFGG,2.10720997
QRQR,2
KKKLKFLKLQ,1.397940009
FLKALFKVASKVL,1.232444114
FLPGLECVSGKIVPTVFCAITRIC,0.8915803404
KLLLKLLLKLLK,0.9397660677
FLGKVFKLASKVFPKVFGKV,1.455973797
RWRWRWFRWRWRWF,0.8299700741
KKLFKKILKYLTTGLPALISWKDEL,0.3979400087
WKWLKKWIK,1.096910013
KWNSFIKKLTSKFLHSAKKF,0.7097144523
FLKLIPRKIVTAL,0.8618594496
GIHDIAKYGKPS,1.698970004
RKFRWWVIR,0.7403626895
KGRGKQGGKVRAKAK,0.4064731989
GIIKVIKSLIEQFTGK,1.62324929
RIIRKIIHII,1.195641124
CWTVSIPPRPC,2.900142605
KKCPIVVIRVCK,1.062410933
VKDLAKFIAKTVAKQGGCYL,1.77404775
RLLLRIGRR,2.540441743
NILLWG,1.951963898
GSQLVYREWVGHSNVIKGPP,0.4488451102
KKLFKKILKYLTTGLPALISW,0.3979400087
KIFGAIWPLALGALKNLIK,0.275813814
FWGLKGLKGPGKFSKKL,1.903089987
RRRRRRWFWFWF,0.6020599913
IKHQGLPQA,3.397940009
IKHQGLPQE,2.979149583
GVVDILKGAAKDIAGHLASAVMNKL,2
KKKKKKAAFAAWAAFDA,0.903089987
KRKSGSGSKRK,1.806179974
GLPLLISWIKRKRQQ,-0.1499840574
ILGKLLSTAAKLLSKL,1
GWRTLLKKAEVKTVGKLALKHYL,0.4793175267
FLPILGKLLSGIL,2
ILPWKWPWAPARR,1.076495561
KSKWLWLW,0.6396406081
RKRFARFAKRAV,1.424288372
KKIMRTFLRR,1.977292712
FAGLAANFLPTIICKISYKC,1.662812682
LHCIALRKK,1.772202243
GLLKRIKNLL,1.011929007
RRRYIGRYVRFWK,0.9242792861
GWGRFFKKWWRVGKRVGK,0.8464316677
KKLLLFKKKQ,2
KSDVRRWRSRY,2
KRKCPKTPFDNTPGAWFAHLILGC,1.602059991
LLKKKFKLKQ,2
RRIRPRPPRLPRP,1.806179974
RRWYRWWR,1.322219295
FLGGLIKPWWPWRR,1.236651493
ECRRLWYKGRWVTYCRGR,1.857332496
YPCKLNLKLGKVPFH,1.561371261
WW,2.162799482
GLFDVIKKVAAVIGGL,1.193832458
KILGKLWKGVKSIF,1.490252061
KRKWLWLW,0.9152484312
GSKKPVPIIYCNRRTGKCQRM,0.8174540197
KIAGKIAKKAGKIAKIA,2.175454297
IWRVWRRWK,0.6020599913
GLKALKKVFQGIHEAIKLINNHVQ,1
INWKKIFEKVKDLV,0.9542425094
RLKLLLLLRL,0.8059499631
LKHGLLKRIKTLL,0.903089987
DAEDLARYYSALRHYINLITRQRY,0.4771212547
AADDDDD,1.477121255
FIGALLGPLLNLLK,1.698970004
KWRQWQSKWRRTNPWFWIRR,1.042403681
ILGAAWNGAKSLF,1.870451792
WIQPATAVIPYVAYL,2.795880017
GLLKKIKTLL,1.754348336
RKFHEKHHSHRGYR,1.318048558
FFFFFFF,0.4566638826
WIQPKTKVIPYVRYA,1.89279003
GKKYRRFRWKFKFGKWFWFG,-0.1850476301
WIQPKTKVIPYVRYL,1.89279003
GMWSKILGHLIK,1.812913357
LKKWLK,2.389841854
GFWGKLWEGVKNAIKKK,0
GKWMSLLKHWLK,1.397940009
LLIRAAKKFIKK,1.447073291
AIGSILGALAKGLPTLRSWIKNR,1.096910013
KIWFQNKKMKWKK,2.408239965
GLPALISWIKRKRQQG,1.130485963
RRWRRWWRRWRR,-0.002671472151
WWK,1.397940009
RRVSRRPMRRYRSRRPRRLV,1.301029996
KFDPLEGAPMARGIVLEKVG,2.080369233
HWFHWK,1.176091259
RWWRRWWRWWRRWWRR,0.6989700043
CKYRWR,2.642501095
KWKLFKKIPKFLHLAK,1.73239376
GLNALKKVFQGIHEAIKKINNHVQ,0.6020599913
KKTWWKTWWTKWSQPKKKRKV,2
GKLQAFLAKMKEIAAQTL,0.5051499783
SKWMSLLKHILK,0.9637878273
VLNENLRR,3.397940009
GLLKFIKTLL,0.2420436602
KLLQTFKQIFR,2.2451234
KISKKIMRTFLRRISKDILTGKK,0.1609271007
GLFDVIKKVASKIGGL,1.783835444
KKAAACAAAAACAAWAACAAAKKKK,0
FLGVVFKLASKVFKAVFGKV,0.5636970651
INWKKMAATALKMI,0.3818051239
AKKVFKRLEKLFSKIYNYK,0.4955443375
KRWWKWIRW,0.1760912591
SGIQPEQHSS,2
GVGKFLHSAKKFGQALVSEIMKS,2
RRRWWWFASASARRRWWWF,1.065166362
GALRGCWTKSYPPKPCK,1.477121255
VGALAVVVWKWKWKW,-0.7958800173
KIAGKIAAIAGKIAKIAGKIAKIA,0.5378024603
RRWQWRLCYCRRRFCVCVG,0.4970494474
GCRRWCYKQRCVTYCRGR,0.903089987
ILPSKSPSSPSRR,2
KWKLFKKIGIGKFLHSAKKF,0.6020599913
VNWKKILKKIIKVAK,1.193124598
GLFDVIKKV,3.002445708
IGKKWKRIVKRIKKFLRKL,0.6020599913
RGGRLCYCRRRFCVCVGR,1.176091259
KYLNFAKWLKGANLAKYANA,2.698970004
QLKVDLWGTR,2
LQKYYCRVRGGRCAVLS,2.006047971
VRLRIRVAVRRA,0.6123706065
SILGKLWKGVKSIF,1.501431841
RKILILIKRK,0.6020599913
WKVFKSFIKKASSFAQSVLD,1.441311188
VGALAVVVWKWLWKW,-0.4948500217
KRKILILIKRKRK,0
LPVVFKIASKVVPSVISKIT,2.080751171
KKVLFKLKFK,0.08636591864
LKK,0.4913616938
FLKPLFNAALKLLP,1.183790401
GLFAVIKKVAAVIKKL,0.8491958108
RLRLRIGRR,2.274157849
LKW,1.698970004
LEQLLRLKKY,3.102342124
KKKKWKLFKKIGIGKFL,0.494154594
LLKKLLKLLLKLLKK,0.7781512504
FVGAIAAALPHVISAIKNAL,1.204119983
AKRHHKYHRKFH,0.1988376229
VQWRIRVCVIRA,1.329394559
VAVLVLGA,-4.52735485
GNNKPVYIPRPRPPHPRLV,0.2471477431
GIGKFLHSAKKFGKAFAGEIMNS,0.903089987
RLWRIVVIRVKR,0.5440680444
FLKALFKVALKVL,2.127864714
GGLRSLGRKILRAWKKYG,-0.3010299957
FPVTWPTKWWEG,2.212192342
VDKPPYLPRPRPPRRIYNR,0.2235185789
KKLLKLKLKLKK,1.903089987
KIKEKLKKIGQKI,2.204119983
VVIRTVVAGYNLYRAIKKK,1.409349266
RYWVAWRNR,2.281033367
FLGKVFKGASKVVPAVFGKV,2.090481432
PRPFPGRPKPIFRPR,2
NGVQPKYRWWRWWRRWW,1.553030812
RLRRIVVIRVRR,0.7011482057
KRKIFLRTKILV,0.903089987
FVQWFSKFLGKIL,1.380211242
KKLKLKKQ,2
VDKGSYLPRPTPYSPRPPIYNRN,1.301029996
FPVTWGWWKWWKG,1.559672555
VLNEALLR,3.096910013
RRWWHWWRR,0.6364878964
RRLCRIVWVIRVCRR,0.3044108577
RFRRLRWKTRWRLKKI,0.903089987
FHFHLHFPSPSPFIKHFIHRF,1.669410012
GLFDVIAKVASVIKKL,0.8484510951
GKWSKILGHLIR,1.855519156
RRLFRRILRWL,0.1760912591
WWWLKKIW,1.84509804
QGDGNFVIYTWKP,1.875061263
EKHWLWLW,1.921765897
FLSLIPHIVSGVASLAIHF,2.301029996
QCTYSVTPTVKSFELYFKGRMSCP,1.806179974
GLFDIWAWWRWRR,0.625921431
KKLALALAKKWLPLAKKLALALAKK,0.08635983067
LKDVEEAQQKIINIIRRL,1.342422681
FLGALFKALSKLL,0.567632499
KGGGKWGGKGGK,1.397940009
KLLKKFKKLQ,1.342422681
VKTLLHIFQRF,1.348195847
KKLLKLKLKWKK,2.113943352
KGIVGMLGKLF,1.698970004
KRRLFLFRLFRLFLRLFLKK,-0.03525885272
GILNTIKSIASKLKRKAK,1.698970004
ILSLRWRWKWWKK,0.903089987
FLGKVFKGVSKVFPAVFGKV,1.773835937
GFGSKPLDSFGLNFF,1.264185151
DDALRHLLRHLLRHL,2
FLPVLAGVLSRA,1.408127507
ILKKLWEGVKSI,1.397940009
GVVTDLLKTAGKLLGNLFGSLSG,1.096910013
ILPWKWPFFPWRR,0.3010299957
INWKKIASIGKEVLK,2
KLLQTFNQIFR,1.948412675
RLYR,2.698970004
CRFCCRCCPRMRGCGLCCRF,1.602059991
RIKRFWPVVIRTVVAGYNLYRAI,1.128217953
IIEKLVNTALGLLSGL,1.397940009
WPVVIRTVVAGYNLYRAIKKK,0.7545053179
LAHRYH,0.3010299957
KWLKKWLKWLKK,0.6764510099
KKLAKALKLLALLWLKLAKALKKA,1.115610512
AKRFFGYKRKFF,0.139688896
LGALFRVASKVFPAVISMVK,1.477058667
RRWWRRW,1.124436765
KLAQKVKRVLR,1.970230675
CGGYSGGWHRLRSTSYRCG,1.462397998
RRWWRRF,1.013843691
RRWWRRK,2.038730741
EWFKARRWQWRMKKLGA,-1
KKLALKALKLWLLALKKLALLALKK,0.8987251816
ALVYAGIKKTAFLKVQKCDG,2.075077746
RRWWCW,1.781569843
RRWWCV,1.56182678
RRWWCQ,1.807767828
RRWWCP,2.077704937
RRWWCS,2.511533554
RRWWCR,0.7949151918
RRWWCY,2.000393013
VNWKKVLPKIIKVAK,2
RRWWCE,2.728128946
GVVVRVGRVVVRWVRRRR,0.6020599913
RRWWCG,2.289298134
RRWWCF,1.64410025
RRWWCA,2.043758622
RRWWCC,1.975890472
GLNAFKKVFQGIHEAIKLINNHVQ,1.301029996
RRWWCM,1.996675971
RRWWCL,1.699391758
RRWWCN,2.735157631
RRWWCI,1.638693918
RRWWCH,1.79629947
RRWWCK,2.143539891
GWGRFFKKAARVGKRVGK,2.397846268
AWASFFKKAAHVAKHVAKAALTHYL,-0.1410159993
FLGALFWVASK,2.208142506
LLPIVGNLLKSLLGAKRKRAG,2
FLQHIIGALGHLF,1.424881637
GLKKIFKKGLGSLVKGIAAHVAS,0.6989700043
RKKTRKR,2.408239965
YKWKIRFKR,0.9138138524
VFQFLGKIIHHVGNFVAGFSAVF,2.10720997
FLPIASLLGKYL,2.301029996
LPAVFKLASKVVPSVFGLVK,2.086103463
LKKLLKKLLKW,0.15154155
KKKKKKALFAAWAAFLA,1.806179974
ILGKVWEGVKSLF,1.830980646
KWFFSH,1.602059991
VKRWKKWRWKWKKWV,0.6241449897
FLGKVFKKVSKVFPAVFGKV,1.759732105
YLLTEFQHLFK,1.93894955
FVQWFSKFLGRIL,1.079181246
ALWKNMLKGIGKLAG,0.4771212547
GLFAVIKKVASVIGG,2.545278225
LLKKLLKKLLKKC,1.008458953
KKLALLALKKWLPALKKLALLALKK,0.1522883444
ILKWKWPWWPWRR,0.4115430934
HIIKGL,2.167586259
GVVVRVGRVVVRGVRR,0.903089987
WGEAFSAGVHRLANGGNG,1.852174904
RRVSRRFMRRYRSRRPRRLV,1
GLFAVIKKVASV,2.317796274
KKLFKKILKVL,0.3979400087
RIKRFWPVVIRTVVAGYN,1.838713533
LFGMALKLLKKVL,1.698970004
ILGPVLGLVGSALGGLI,1.809974545
KKCRNKKMEVSR,1.600084197
RRWFW,0.903089987
GSPALISWIKRKRQQ,1.70674271
GIKKILKYGKKS,1.698970004
FLPIPRPILLGLL,1.312211045
KRKFHEKHHSHRGY,2
VNFKLLSHSLL,1.991226076
RKKRLKLLKRLL,0.2034119028
SKVWRHWRRFW,0.7958800173
FIKRIARLLRKIF,1.1741507
ECRRLCYKQRCVTYCRGR,1.173186268
RKKRLKLLKRLV,0.809381762
GLLKKLLKIAAKVGKKLL,0.7781512504
FLGGLIKRVPAMICAVRKKC,2.054762864
GRKLWRKWLKRWLP,0.6020599913
KIKLFKKWPKFLHLAKKF,0.3010299957
RWSVYAYVRVRGVLVRYRRSW,1.069279298
FLQHIIGALSHFF,1.103803721
RVVRQWPIGRVVRRVVRRVVR,-0.4219676771
KAMKPWIQPKTKVIPYVRYL,1.591765594
GWKKFFKKAKKVWK,2.150741624
KKKAAAFAAWAAFAKKK,1.204119983
KKWRKLLKWLAKK,0.06393754997
WFKMRWWGR,1.36361198
INLLKIAKGIIKSL,1.214970858
KRRLILRILRLAIRALVKKR,-0.9975950054
IRVKIRVKIRVK,1.617491607
VLPKVMAHMK,2
LLPIVANLLKALL,0.8567367544
SGRGKQGGKVRAKAKTRSS,1.213067083
WGIRRILKYGKRS,0.6020599913
FLGFLFKVASK,2.201855751
YCNGKRVCVC,1.941425528
GEKLKKIGQKIKKFFQKL,1.397940009
MLLKKLLKKM,2.603547162
GFLDVIKHVGKAALGVVTHLINQ,0.8185392492
KKAGKIAKKAGKIA,2.258473402
SAVWRHWRRFWLRKHRKH,0.7958800173
GVVDILKGAAKDILGHLASKVMNKL,1.698970004
FKTFLQWLHRF,1.021479339
KKKIIIIIKKK,-0.3010299957
SWFHWK,1
KIKWILKYWKWS,0.903089987
VDKPPYLPRPRPPRRIYNNR,0.5043008946
VCYCRRRFCVCVGR,-0.4574077476
KILILIKRK,1.204119983
DAACAAKCLWR,2.219169616
RRRIKIRWY,2.270425855
RWCVYAYVRVAGVLVRYRRCW,0.9542425094
STVLTSKYR,0.3010299957
VKRFKKFFRKLKKSVK,1.490711119
TYLKKRRWKKAKPP,-1.477169772
THSWLWLW,1.947582841
GCKFTVKPYLKRFQVYYKGRMWCG,1
GLFAVIKKVASVIKGL,1.182285238
KVLKAAA,1.255272505
KWKKLLKKLLKLLKKLLKKLK,0.903089987
KVMAHMK,2
VKLVKYPKLKVKLYP,-0.2591922216
SMLSVLKNLGKVGLGFVACKIKKQC,1.301029996
KKKLLFLKKQ,2
KKVLKAAA,0.9542425094
GRCRGFRRRC,0.7781512504
IIGLVSKGTCVLVKTVCKKVLKQ,1.397940009
GKPRPYSPRPTSHPRPIR,0.5809944838
GLLDFAKHVIGIASKL,2
LWKTLLKKVLKAAA,0.9542425094
RRRWWWR,1.425466761
RIGSILGRLAKGLPTLKSWIKNR,1.096910013
GFMKYIGPLIPHAVKAIKKLI,1.397940009
GAKYAKIIYNYLKKIANALW,0.834572017
MLTAEEKAAVTAF,0.6020599913
WWWRRRRRRRR,0.7384681661
FLPLIGRVLSGILGWKRKRFG,0.903089987
AGRGKQGGKVRAKAKTRSS,0.9155981898
RRRAAFAAWAAFAARRR,2
GKPRPYTPRPTSHPRPIRV,2
RRWYRWWRRRWYRWWR,1.477121255
KLAGLAKKWAGLAKKLAGLAK,0.8743828759
GIKCRFCCGCCTPGICGVCCRF,1.632658935
GATAIKQVKKLWKKKGG,0.9084850189
CKKLLKLCKKLLKLAG,1
FLGALFKVASKV,2.193966252
KWKKFKKIGAVLKVL,-0.3010299957
IRPRPPRLPRPRPRPLPYPRP,0.903089987
GYNYAKKLANLAKKFANALW,0.2432391736
PAWHHAFHWAWRMLKKAA,1
FFHHFARGIVHVGKTIHRLVTG,1.698970004
VKRFKKFFRKLKKSVKKL,1.442767138
KKLLKWLLKLL,0.3465198316
GFKDLLKKAAKALVKTVLF,0.4771212547
ALLHHGYKRKFH,0.7250473745
LLPIVGNLLKSLLGWKRKAFG,2.301029996
GLRILLLKV,0.4771212547
ILGKIIKVVK,2
GILSSLLKKLKKWIAK,0.2041199827
LRAAHRLAIGRR,1.663272917
WKKIPKFLHLAKKF,2
GFKAIVQRIKDFLRNLV,0.8750612634
SVIGCWTFSIPPRPCFVK,2.690913211
LLKKVLKAAA,1.096910013
IWKRWWWKR,1.947423729
RVKRVWPLVIRTVIAGYNLYRAI,0.04139268516
YYY,2.354097507
AAKHAAHRA,2.729534801
KLLLKLKLKLLK,0.84509804
RRRLLLLLRRR,0
KKKLFKKKLQ,1.698970004
FKTFLKWLHRF,1.197558306
YKLLKLLLPKLKPLLIKL,0.5710847448
KRIKTLL,1.845250704
RHWRRFWHR,0.7958800173
RRRRRRRKDVY,1.888232466
KLKLLLKLK,0.8630843215
KKLFKKIKKFL,0.7505357951
VNWKKVLKKIIKVAK,1.193124598
IWSFLIKAATKLLPSLFGG,2.09384704
KKAAAFAAAAAFAAWAAFAAAKKKK,0.6020599913
KQKWLWLW,1.578603034
PRCRRRFCRP,2.10720997
YWRWRW,1.676875999
RRLRRLLRRLLRRLRR,0.9542425094
AQKIISTIGKLPKWIIKTVNKFTKK,0.3979400087
GVVDILKGAAKDIAGHLASKVMNAL,2
RKWKIKWYW,0.414973348
WWRRRRRRRR,0.7394196616
GEFRRIVQRIRDFLRNLV,1.477121255
GLRKRLRKFRNKIKEKLKKI,0.3010299957
CTRPNYNKRKRIHIG,0.7607676195
RKKTRKRLKKIGKVLKWI,0.3010299957
SKVWRHWRRFWHR,0.4955443375
RFRPPIRRPPIRPPFRPPFRPPVR,-0.7789641399
AWKETIRQYLKNKIKKKWRKAVIAW,0.903089987
LLQWLSKLLGRWL,1.681241237
GLPALISLIKRKRQQ,0.8945278153
IKKILSKIKKLL,0.8926510339
KLKKLLKKWLKLLKKLLK,0.903089987
NIWKKIASIAKEVLKAL,0.7958800173
YPLKVKYPKLKV,2.349469219
VKLKYPKVKLYP,1.637135253
RKKWFW,0.7781512504
LVKLVAGIKKFLKWK,0.6548022532
GLAKRIKTLL,1.533519064
GANLAKKFYTYINKFINYAW,1.722358773
KKKKKKAAFAAWAAFAA,-0.3010299957
KVYVVKIAVPCFPKSARSVS,2.070054791
LKKKLFKLKQ,1.397940009
LRCIALRKK,1.764619565
GNNRPVYIPQPRPHPRL,2.10720997
FPWWNQYVKL,1.204119983
GMLKRIKTLL,2.301029996
GLFGVLAKVAAHVVPAIAE,1.806179974
LIKHILHRL,2.641136642
GKWWSLLKHILK,0.6720978579
GSKKPVPIIYANRRTGKAQRM,1.318063335
RKLKHMRF,2
KLKLLLLKLK,1.422490213
LLRRLLRR,2.057341836
GMWSKILGPLIR,2
GVIDAAKKVVNVLKNLP,0.8469431088
GIMISLMKKLAAHIAK,0.9444826722
GVIDAAKKVVNVLKNLF,0.8171569476
IWRIFRRIFRIFIRF,1.204119983
GKWMSLLKKILK,1.139879086
GVVVRIGRVVVRGVRR,0.6020599913
WKKILSKIKKLLK,0.1931245984
LWE,1.698970004
LKAKSIVSWAKKVL,1.698970004
SRWPSPGRPRPFPG,2
ALWKNMLKGIGKLAGK,0.3010299957
MMRVMRRKTKVIWEKKDFIGLYSID,0.5993141926
GVVKRIKTVV,2.301029996
LRKKWFW,1.505149978
HVDKKVADKVLLLKQLRIMRLLTRL,1.544068044
KWKSFIKKLTDKFLHSAKKF,1.00331524
RRRWFW,0.6020599913
IWRIFRRIF,0.6020599913
RPPHPRL,1.806179974
AKKVFKRLEKLFSKIQN,2
CVRVRVRPGRVRVRVC,0.6219729977
TRSRWRRFIRGAGRFARRYGWRIA,-0.7856872618
KLLAKAALKWLLKALKAA,0.7923916895
KGK,3.780662814
FLGLIFHGLVHAGKLIHGLIHRNRG,0.8750612634
FKKFWKWFRRF,0.8129133566
FLPFVGNLLKGLL,1.875061263
KIAKVALKALKIAKGALKAL,0.1760912591
FFHHVFRGIVHVGKTIHRLVTG,1.255272505
PRPGPRP,2.217404889
KFHHIFRGIKHVGKTIHRLVTG,0.3010299957
KLVKWIIKTVNKFTKK,1.342422681
KWKLFKKIAKKFAKAFVAEIM,1.694446047
AIGSILGALAKGLPTLKSWIKNR,1.397940009
IFHHIFKGIVHVGKTIHRLVTG,1
GVIDIIKGAGKDLIAHAIGKLAEKV,0.8009969553
LLKLLKWLLKLLK,2.090932238
GWFDVVKHIASAV,2
AKKKGKCKGPLKLVAKC,2
RRWPLKPKKWPLI,0.8618510093
PFKIDIHLGGY,1.376939669
YCNGKRVCVCR,1.584834002
FWHHIFRGIVHVGKTIHRLVTG,0.6020599913
SLSRYAKLANRLA,1.612997206
WGRAFSAGVHRLANGGNG,1.84565606
GLNALKKVFQGIHEAFKLINNHVQ,1.301029996
GLKKIFKAGLGSLVKGIKAHVAS,1
LDPKVVQSLL,2.301029996
GIGKFLHKVKSFGKSWIGEIMNS,1.278753601
LKLLKKLLKLLKKF,0.6659671504
KKLKKFKLLQ,1.397940009
LRIVKLILKWLR,0.6020599913
ALWKTMLKKLGT,1.73239376
KWKSFIKKSTSKFLHSAKKF,1.313918445
GVLKRIKTLV,2.301029996
FLSAIASMLGKFL,2.301029996
FLGWLFKWAWK,1.145196406
GILDTLKQFAKGVGKDLVKGAAQG,1.316089197
TKVIPYVRYL,2.193820026
KPYLKRFQVYYKGRMWC,0.7958800173
GLFAVIKKVASVI,1.677559769
KFWSLLKKALRLWANVL,0.583657819
KAGLAFPVGRVHRLLRK,2.123851641
HCLAIGRR,1.839985049
TLLKKVLKAAAKAALNAVLVGANA,1.027081194
LRRIIRKIIHIIK,1.077752295
SMLSVLKNLKKVKLKFVACKINKQC,2.301029996
CKINKQC,2.301029996
FHFHLHFSATFIKHFIHRF,1.704240402
LFHAGKMIH,1.977455997
ILGKIWKPIKKLF,-0.3010299957
KNWKKILGKIIKVVK,0.9542425094
FFHHIFRGAVHVGKTIHRLVTG,1.255272505
FLKLLAGLLKNFA,1.347550173
EWKLPDLIINHITLTRRNCFKYRCG,0.214843848
SSMKLSFRARAYGFRGPGPQL,1.633263735
GLFAVIKKVAAVIRRL,1.454887555
GKLSSLWKKLKKIIAK,0.3979400087
LKKAKKFGKAFV,2.574226373
GLLKRIKILL,1.07922747
KWFKWS,2
RRWVAWRNR,1.982271233
ILPILSLIGGLL,1.612783857
RKRWWWWFR,1.327106444
ALWKTLLKKVLKAA,0.3010299957
AKKVFKRLEKLFSKIQNWK,1.096910013
RWRWWRWRR,1.603805323
GVVVRWGRVIVRGVRR,0.6020599913
ALRSAVRTVARVGRAVLPHVAI,0.4913616938
NIRRIIRKIIHIIKKY,0.381406479
GLLKRIKLLL,0.7781974742
KFKWWRMLI,0.361727836
KNWKGIAGMAKKLLGKNWKLM,0.7993405495
GVVDILKGAAKDIAGHASKVMNKL,2
ILGTILGPLKGL,2.408239965
EVEPSDTIENVKAKIQ,1
RLGDGCTR,0.3708769865
LRFIKKILKKLI,-0.7819016749
GMASLLAKVLPKVVKLIK,1.67669361
GKWMSLWKHILK,1.511883361
GIMSSLMKKLAAHIKK,1.041392685
GFKRIVQRIKDFLANLV,0.8750612634
GLFDVIKKVASVIGG,2.532369931
GFMKYIKPLIPHAVKAIKKLI,2.301029996
KKIMRTFLRRISKDILTGKK,0.5169451113
GANALKKYFTILKKFFKLAW,1.428163256
KWRRAVRAI,1.743447987
IKKIWSKIKKLLK,0.3979400087
HRVKRNGFRKFMRRLKKFFAGG,0.4657697315
RIWVIWRR,1.096910013
ALRLAIRRR,1.630325538
GRCRDDFRC,2.283301229
FPFFNQYVKL,1.204119983
GLFDIVKKVVGTIAGL,1.18575768
TKKTKLTEEEKNRL,0.4756711883
NVMTYWWLDPPL,2
RIIDLLWRVRRPWKPKFVTVWVR,1
LRFLKKILKHLF,0.5069624213
KRKLILKRILIKRK,0.903089987
GLADVIKKVASVIGGL,1.812519411
RKGLQKLVGRVHRLLRK,0.8907720123
GLVSSIGKALGGLLVDVVKSKGQPA,1.319878477
VQWRIRVAVIRK,0.7201420962
RLTYKPRTVTYTRGR,-0.193820026
GLVDVLGKVGGLIKKLLP,1.505149978
KLALKLALKALKAALKLA,1.204119983
RLLRPLLQLLKQKLR,0.02493742978
RVLNQVKQILK,1.970245761
FFHHIFRPIVHVPKTIHRLVTG,1.204119983
GRPNPVNNKPTPHPRL,1.853381261
DNRMVNHFVQEFKRKHKK,1.84509804
KLKFPKLKFP,1.904622202
KLPKLPWKPKK,1.271841607
KGGK,1.507560912
PKKKRKV,2.698970004
GLKALKKVFKGIHKAIKLINKHVQ,0.6989700043
VRVKVRVK,2.706303708
FKLKQ,2
FFRRFFRRFFRRFFRR,1.310710449
FLFGLASKVFPAVYCKVTRK,2.051303027
GLKALKKVFKGIHKAIKLINKHVK,0.6989700043
WIQPKAKVIPYVRYL,1.89279003
AKGFAANHS,2.698970004
GCRRLCYKQRCVTYCRGR,0
GLKKIFKAGLGSLKKGIAAHVAS,2.397940009
FLGGVFKLASKVFPAVFGKV,1.481574738
RLWWKIWLK,1.053078443
GRRGPRRANQNGTRRRRRRT,2
RLWRIVVIRVAR,0.7164410702
LCAAHCLAIGRR,1.697760551
ISKRILTGKK,2.350032966
RHRHRHRHRHRH,0.7500767193
FGPVIGLLSGILKSLL,2.301029996
H,0.6857417386
LKLLKWLLKLL,0.9567649869
RLWLAIKRR,2
RWRWRWFGGGLKRFLKWFKRF,0.4385312024
PLPFPRPGPRPIPRP,2.698970004
AKKVFKRLEKLFSKIWNWK,0.7958800173
PP,-0.01772876696
PV,3.970085855
KKLAGLAKKWAGLAKKLAGLA,0.8743828759
FPVTWPTKWWKG,2.212459079
PY,2.060630998
TPFKISIHL,0.9766364493
PF,1.785314573
PG,0.1553360375
KKSLLAKAKNFGGKVITIFKA,0.4913616938
PK,3.914882889
FPVTWPTKWWKS,2.204033855
PM,2.414668838
IWRIFR,2.10720997
IRRQGLPE,3.397940009
WLGSALKIGAKLLPSVVGLFKKKKQ,0.903089987
FFHHIFRGKVHVGKTIHRLVTG,0.1760912591
LRALLRALLRAL,0.3560582766
GMWSKILGHL,2
IGKKFKRIVQRIKKFLRKL,0.6020599913
LRFARRALRRLF,-0.1972584982
FPLTWPTKWWKG,2.208502897
KSLRRVWRSWR,1.77815125
IAPWKWPWWPWRR,-0.3979400087
KIAGKIAKKAGKIAK,2.22498832
GPIRRPKPRPRPRPE,1.602059991
NWKKIASIGKEVLKAL,1.322219295
KLKLKLKLK,0.7958800173
FKCRRWQWRMKKLGAPS,1.166966439
GTVRRFPWWWPFLRR,0.903089987
FFHHIFRPIVHVAKTIHRLVTG,0.3010299957
ILENLLARSTNEDREGSIF,2.301029996
DSHAKRHHGTKRKFHEKHHSHRGT,1.341965517
KKAAAIAAAAAIAAWAAIAAAKKKK,-0.6020599913
PRPRPRPLPFPRPG,2.698970004
GIMSSLMKKLKKIIAK,0.3424226808
WLNALLHHGYKRKFH,1.221797859
LVKRFKKFFRKLKKSVK,1.467570369
KIAGKIAKIAKKIAK,2.209296448
PVGRVHRLLRK,1.682123414
FPVKLKFPKVKL,2.016566264
GLLGVLGSVAKHVLPHVVPVIAEHL,1.592597452
GRFRRLRKKTRK,2.10720997
KYGPALVIAVKKSCSLTFRA,2.075276367
LLKKLLKKLLKKLLKK,1.40923516
VANENLLR,3.397940009
KKLFKKILKYLKFLHSAK,0.3979400087
VNWKKILGKIKKVVK,1.602059991
TWLAKRRWKKAKPP,-1.548055958
GILSSLLKKLKKIIAK,0.2552725051
GLLKWIKKLL,0.3979400087
AKKVSKRLEKLFSKIQNDK,2
SKVLRHLRRFLHRAHRKL,2
FLKLLKKLAAKFL,0.5492588363
TTSIRRRYQVSLIRRHRGKR,1.505149978
KIAHGVKKYGPTVLRIIRIAG,0.9410437881
ILPLKLPWWPWRR,0.2497443655
KRIVKLILKWLR,1.601079247
IGKKFKRIVKRIKKWLRKL,0.3010299957
GECIWDAIFHGAKHFLHRLVNP,0.8820820039
RRLTLRQLLGLGSRRRRRSR,0.4955443375
FRPALIVRTKGTRL,1.477121255
KLLLKFKKLQ,1.507855872
LPVLFSSAIAKVGIKLGAKV,2.104721418
RRLCRIVVIRVCRR,-1.157947567
KKAAAHAAAAAHAAWAAHAAAKKKK,1.505149978
KHQGLPQE,3.096910013
GVVDILKGAAKDIAGHLASKVM,2.057057209
KKKLFWKIPKFLHLAKKF,0.3010299957
RAGLKFPVGRVHRLLR,1.025305865
APDRPRKFCGILG,2.145788359
LHAHKLRVDPVNFKLLSHSLLVTL,1.041392685
STLHLALRLRGG,2
GCRFTVKPYIKRIQLHYKGKMWCG,1
SMLSVLKNLGKVGLGFVKCKINKQC,1.301029996
RGLRRLGRKIAHGVKKY,2
KWKLKKHIGIGKHFLSAKKF,1.505149978
RAGLQFLVGRVHRLLRK,1.19991782
INWSSIFESVKNLV,2
INWKKIAEIGKQVLSAL,0.621763104
GMMKRIKTMM,2.301029996
RKKRWWRRKK,0.7781512504
LLAGLAANFLPKIFCKITRKC,0.7312529108
AKKWFW,1.204119983
KWAKKWKWFAKAAWKWYKK,1.590218687
KWFKIQLQIKKWKNKK,1.505149978
GKLIKKFGRKAISYAVKKARGKH,1.556302501
LSFVGRVASKVVPSLISMIK,2.079529486
KKLKKLLKKWKKLLKKLK,1.639583426
RKWVKWRNR,1.973525441
YPLPFIP,0.8507690291
WFKFFKKFFKKWK,0.62540334
WIQPKTKVIPYVRAL,1.89279003
KLLKQWPIGKLLKKLLKKLLK,-0.4031750535
GILSSLLKKWKKIIAK,0.4313637642
GVVDILKGALKDIAGHLASKVMNKL,1.698970004
AAHCLIGRK,1.477121255
IHHQGLPQE,3.397940009
FFHHIFRGIVHVGKTVHRLVTG,1.255272505
GPCFSGC,1.681241237
GIMSSLMKKLAKIIAK,0.6989700043
GLLSSLSSVAKHVLPHVVPVIAEHL,1.584514687
VPIIYCNRRTGKCQRM,0.07918124605
KWLKKWL,1.902539997
ILKLFKRIVKRILKFLRKL,0.903089987
PRPRPLPFPRPG,2.698970004
LRPAILVRTK,2.642400185
HLNKRVQRELIGWLDWLK,1.832508913
RRRWWWFRRRWWWF,0.8299700741
DNGEAGRAAR,1.707570176
GVVDILKGAAKDIAGHLASKVMN,2.32230201
ILAWKWPWWAWRR,1.397940009
KALAKALAKLWKALAKAA,0.7781512504
FPVTWPTKWRKG,2.221050469
KWWKWKK,2.36077887
GLFDVIKKVASVIG,2.549178352
KISKKIMRTFLRR,2.183677614
EFKRIVQRIKDFLRNLV,1.903089987
KIAGKIAKIAGKIAKIA,2.179286336
GIWDTIKSMGKVFAGAILQNL,1.096910013
RGGRLCYCRRRFCICV,1.105371358
ALWHHLLHHLLHSAHHLG,0.5740312677
SMLSVLKNLEKVELEFVACKINKQC,2.301029996
SMLSVLKKLGKVGLGFVACKINKQC,0.3979400087
AAHCLAIGRR,1.477121255
KFFKKLKKAVKKGFKKFAKV,0.1148088758
TWLKKRRWKAAKPP,-1.468874712
LVKKLLKLAMGFG,1.954242509
AAHCLAIGRK,1.477121255
GLFDVIAKVASVIGGL,1.80719311
RWRWRWRWRW,0.7923916895
FITGLIGGLMKAL,2
GLIGSIGKALGGLLVDVLKPKL,1.665210745
LIKHILHRLGGGFHFHLHF,2.040064081
LKQFVKFIHRF,1.215031723
KRLFKELLFSLRKY,2.037426498
AALKGCWTKSIPPKPCFGF,0.1412519206
RWRRWRRWRRWR,0.7754797782
ILILILILKRK,1.806179974
GFKDLLKGAAKALKKTVLF,2
GRPNPVNNKPTSHPRPIRV,0.5734033724
GDDDDDD,1.77815125
GALFSLASKVVPAVIGLIKK,2.104721418
VNWKKLLGKLLKVVK,1.176091259
INWKALLDAAKKVL,0.6926336609
WGIHRILKYGKPS,1.079181246
KKK,3.696229369
FKCWRWQWRWKKLGAPS,1.752397161
YVLFKRKRFIFI,2.301029996
GLFLDTLKKFAKAGMEAVTNPK,1.903089987
IISTIGKLPKWIIKTVNKFTKK,1.342422681
MASRAAGLAARLARLALRAL,-1.301029996
IPHAVKAISDLI,2.301029996
FLGALFKVWSK,2.188569079
KWKLFKKIRGGRLCYCRRRFCVCV,0.7241457281
GLKALKKVFKGIHKAIKLINNHVQ,1.602059991
SMLGVLKNLGKVGLGFVACKINKQC,2.301029996
ALWMTLLKKVLKA,0.4771212547
QADFQKVVAGVANALAHRYH,1.851258349
GLLGLLGSVVSHVVPAIVGHF,0.7923916895
GLVTGLLKTAGKLLGDLFGSLSG,0.4913616938
CWTASIPPRPC,2.909932853
KILGVSKKIMRRISKDILTGKK,0.8039030236
GMWSKIPGHLIR,2
AVVKVPLKKFKSIRE,1.457882814
WLRRIKAWLRRKRK,1.204119983
KLFAVIKKVAAVIRRL,1.738657538
RRPRPRPRPWWWW,1.520117962
LLAGLAANFLPTIICKISYKC,1.647281237
KIKEKLKKIGQKIQG,2.155336037
LIKIVPAMICAVTKKC,2.169872327
FLGVVVKLASKVFPAVFGKV,0.8807429351
GKLWLKGGKLWLKGGKLWLKG,1.505149978
SRSELIVHQR,2.320327286
LLGMIPVAIKAISALSKL,1.240722984
FFFF,2.614958498
SFHVFPPWMCKSLKKC,1.84509804
ILPWKWKWWPWRR,0.4115430934
GFGKAFHSVSNFAKKHKTA,2
FRSGILKLASKIGSVLCAVLKNC,1.314979161
ALRLAIRKR,1.641282787
RWCVYAYVRSRGVLVRYRRCW,1.397940009
GFVDFLKKVAGTIANVVT,1.726026326
ILPWKWPWWP,0.2041199827
AKLKAYPLKAKLYP,2.095828935
KRRKLAFRLFRLFLKLVLKK,-0.7116883932
KVKVKVKVPPTKVKVKVK,0.5051499783
ILSLRWRWWKWKK,0.6020599913
RWWKWRR,2.3285034
TRSSRAGLQWAVGRVHRLLRK,0.7781512504
GLFDVIKKVASV,2.603577309
IRIKIRIK,2.682203295
AKRHHGYKRKFHAKRHHGYKRKFH,0.9049590234
RFRRLRKKIRKRLKKI,2.408239965
RTKKWIVWI,2.04059976
RAGLQFPVGRLLRRLLRRLLR,-0.1072350935
FLGVVFKLASKVVPAVFGKV,0.8807429351
LRIIRRILRRLI,0.1962569996
AWLLAIRKR,1.346248331
VLPLVGNLLNDLLGK,1.801918983
GLNALKKVFKGIHEAIKLINNHVQ,1.301029996
GNNRPVYIPRPRPPHPRLV,-0.969181985
FLSLALAALPKFLCLVFKKC,1.164352856
KRKGSGKRK,1.806179974
HFLGTLVKLAKKIL,1.204119983
GAKALTKAATAFTKFYKTIW,1.761325425
RCYCRRRFCVCR,-0.06365321091
QKKIRVALSA,1.15748667
GYKYINNIIKYINKFFKYIW,1.085342559
YQWQRRMRKLGAPSIT,2.001888286
GLKGLLGKALKGIGKHIGKAQGC,2.10720997
YKLFKKILKKL,0.8750612634
RSVCRQIKICRRRGGCYYKCTNRPY,-0.5228787453
LKLFKKILKFL,1.602059991
KNLRRITRKIIHIIKKYG,1.849419414
RLWRRWRRWLR,1.505149978
FFRRFFRR,2.608552057
KKLLKFKLKQ,2
WRKWRKRWWWRKWRKRWW,0.84509804
VLNENLLR,3.013172751
IKKILSKIKKWWK,1.096910013
VLNENLLA,3.397940009
LYKLVKVVLNM,2.180555602
RILSILRHQNLLKELQDLALQGAK,1
VLNENLLK,3.397940009
VLNENLLH,3.397940009
RRLLRRLRR,2
RKRKLILILIKRKR,-0.3010299957
YKLFKKILKVL,1.698970004
KWKLFKKIKFLHSAKKF,0.4948500217
KLKKKFKKLQ,1.725911632
EPFKISIHL,1.44238053
GIGKFAHSAKKFGKAFVGEIMNS,1.505149978
RRWWRWWRR,0
GVVDILKGAAKDIAGHLASKAMNKL,2
LLIILRRGHYY,2.397940009
RRRRRRAAFAAWAAFAA,-0.3010299957
VLNANLLR,3.397940009
RRCVYAYVRVRGVLVRYRRCW,1.698970004
LLRRVARLLKRFAK,0.06043240361
SRSELIVHQRRC,2.236894278
KWKKLPKKLLKLL,2
IKHAGLPQE,3.397940009
RWWIRIRWH,0.4313637642
FWQRNIRKWR,1.619284796
GLLWHLLHHLLHLLHH,2.41055372
CNGKRVCVCR,1.643055406
RPAWLKAAFRVMRACV,0.6300160606
GIWGTLAKIGIKAVPRVISMLKKKQ,0.903089987
PKVVGLSIVVVKAKVSSALG,2.117894444
LRRIIRKIIHIIKK,1.045677443
RLLRRLLRRLLRRLLRRLLR,1.07194865
KKLFKKILKRL,1.758154622
HIQKEDVPSERYLGYLEQLLRLK,2.765969957
FQWQRNMRKVR,2.462397998
GLLKRIKTLL,2.238640272
RRRFWWR,1.429512467
RGGRLAYARRRFAVAVGR,1
RAGLQFPVGRVHRLLR,1.232095228
GWASKIGQTLGKMAKVGLQEIIQPK,1.698970004
VDKPPYLPRPRPPRRIYNH,0.8290522636
LKLKSIVSAAKKVL,1.397940009
VDKPPYLPRPRPPRRIYNN,1.435351169
VDKPPYLPRPRPPRRIYNA,0.8413205547
VVKFSYRKGSPAPQKN,2.04429472
GLFGVLAKVAAHVVPAIAEH,1.806179974
KRIMKLKMR,2.354108439
ILGAILPLVSGLLSNKL,2.408239965
LLKRIKTLL,1.737771454
KLKKKLKKLLKK,2.524031415
ALWMTLLKKVLKAAAKAALN,0.9542425094
CGGYCGGWHRLRCTSYRCG,1.875061263
FLGKVVKKASKVFPAVFGKV,1.774839851
WLRAFRRLVRRLARGLRR,-0.07058107429
RVLQEIKQILK,2.261955703
IKQLLHFFQRFGGGFIKHFIHRF,1.638363972
VKLKVYPKLKVKLYP,-0.5602222173
LAKRRVLTLLRQLRRVSPSS,1.146128036
CVRPGRVC,2.459288867
KWFKKIPKFLHLLKKF,0.6989700043
YSLQMGATAIKQVKKLFKKWGW,-0.6020599913
RRWCFRVCYRGRFCYRKCR,-1.019555815
RRRIIIIIRRR,0.3010299957
RLYRRLYRRLYRRLYR,-0.04575749056
RIGSILGALAKGLPTLKSWIKNR,1.397940009
CNGKRVCVC,2.008234538
DAHGLLKRIKTLL,0.3010299957
FLGKVFKKAVKVFPAVFGKV,2.063895211
FFGSTIGALANFLPSLISKIRN,1.432026689
KWKLFKKIFKRIVQRIKDFLRN,0.7408877879
KLKLVALHKQVL,1.254996764
FLGWLFKWASK,1.257228065
GIGKFIHSAKRFGRAWVGEIMNS,1.574031268
KLLKVIKKLL,0.8766480669
DIFGAIWPLALGALKNLIK,2.10720997
FFPGIIKVASAILPTAICAITKRC,2
KKKLLLLLKKK,0.903089987
GSKKPVPIIYCNRRGKCQRM,0.1139433523
RRFKFIRWW,-0.3663201153
CVHGGTNTARTACIAG,2.115851577
KKKLKFKLLQ,2
KLLLKLKLKLWK,0.903089987
KKAAAWAAAAAWAAWAAWAAAKKKK,-0.6020599913
KQRWLWLW,0.915263831
FLGGILNTITGLL,1.477121255
IGKLFKRIVQRILKFLRNL,0.903089987
IASAVPVCVKGKISKSYISV,2.096597001
EWKRWVQRWKDWLRNLV,1
SKVWRHWRRFWHRAHRKK,2
RGGRLCYTRPRFTVCVGR,0.7752136133
GKWLSLLKHILK,1.501059262
KWRRWIRWL,0.4948500217
GLFAVIKKVASVIG,2.261573986
KLKKLLKHLHHLLH,0.6580199081
GLARIVVIRVAR,1.677897156
LVIRTVIAGYNLYRAIKKK,2
PRPRCRRRFCRPRP,2.10720997
IAQQAANVAATARG,0.7958800173
KAIAKSILKWIKSIAKAI,0.748188027
WFKKIPKFLHLLKKF,0.6989700043
GLLSVLGSVAKHVLPHVVPVIAEKL,1.288002651
ILPWKWPWLPWRR,-0.07032611593
NNRPVYIPQPRPPHPRI,1.182808837
KAKRRARNLNQKKRK,1.829539477
ILPILGNLLNGLL,2
ILPVKVPVVPVRR,2
WRKFWKYLK,0.7781512504
GRRPRPRPRPFFFFF,1.301029996
FLSLIPHAINAVSAIAKHS,1.17841654
GGKCKNGDCVCR,1.032215703
ISGPVLGLVGNALGGLIKKI,1.716844782
RAGLQFPVGRVHRLLRK,1.505149978
FLSLIPKIAGGIAALAKHL,1.218832105
FFGSMIGALAKGLPSLISLIKK,1.096910013
NGKRVCVCR,1.985369977
WRKLWRPGLKRWLK,0.6020599913
RRWFWR,0.6020599913
RWFKIQLQIRRWKNKK,1.204119983
WKWWKKWWKK,0.6989700043
GRLQAFLAKMKEIAAQTL,0.7007037171
KKYRYHLKPFCKK,1.806179974
WCPPMIPLCSRF,2.301029996
TFLKKRRWKKAKPP,-1.473292698
NGVQPKYKWWKWWKKWW,0.6549224892
LKQFVHFIHRF,1.337316317
YRLRVKWKW,1.874644682
KIKEKLKKIGQKIQGLL,2.103803721
RIIDLLWRVRRPQKPKFVTVAVR,0.7958800173
GNNRPVYIPQPKPPHPRL,0.5440680444
RYPAVGYT,0.7968044847
ILSLRWWRKWWKK,0.6020599913
LKWGAILKHIIK,1.669316881
GFWGKLWKPVKKAI,1.176091259
KLKLLLLLKLK,1.082623268
FLPLIGRVLAGIL,0.6989700043
KTKQQFLIKAQTQLFKVFGYTL,-0.6289321377
GLRRLFADQLVGRRNI,1.423844618
GLLSKFGRLARKLARVIPKV,0.3010299957
KWKLFKKVLKVLTTG,0.9542425094
VNWKKILKKIIKVVK,0.982271233
KKWLKKWLK,1.803543383
APRRQLKW,1.181176867
RVRRPVYIPQPRPPHPRL,0.4955443375
KWKLFKKIPLKKF,2
INWKKIASIGKEVLKAI,0.7403626895
RYH,2
FRKKWFW,1.204119983
APKKQLKW,1.204892846
KRRILIRILKLIIKLILKKR,-0.004897734236
ALWMTLLKKVLKAAAK,1.301029996
YRYR,2
WLLKRWKKLL,0.903089987
RGDWLWLW,1.946428125
LKKVLKAAA,1.255272505
IFGAIWSGIKSLF,0.6020599913
RPVRPVYIPQPRPPHPRL,0.7958800173
LNWGAALKHAAK,2
YKLLKLLLPKLKPLLFKL,0.5062686516
FLPLILRKIVTAL,1.549077076
KLKLLFKKKQ,2
GLMSVLGHAVGNVLGGLFKPKS,1.360195039
KIWWWWRKR,0.6110657715
LLKWLLKWLLK,1.740556167
RLSRIVVIRVSR,-0.7645582331
P,-0.2218487496
KLPLIGRVLSGIL,1.922725458
WRNGRWWRNGRWWRNGRW,0.6020599913
LHRIALRKK,1.751405602
RLRRIVVIRVAR,0.7250091567
ALYLAIRRR,2.650307523
GLADFLNKAVGKVVDFVKS,2
GLFDVIKASVIGGL,2.867707064
FLGVVFKLASKVFGAVFGKV,0.5780703511
IKQVKKLFKK,1.012837225
FLKVVFKLASKVFGAVFGKV,0.8647270608
VNWKKILPKIIKVVK,2
KNIRRIIRKIIHIIKKYG,1.698970004
SADQTGMNKAALSPIRFISKSV,1.935232929
FVVKKKKKVF,1.902875533
KGLGKDLAKLGVDLVACKISKQC,2.301029996
KCRQWQSKIRRTNPIFCIRR,1.693895433
RRIRPRPPRLPRPRP,1.204119983
GLNALKKVFQPIHEAIKKINNHVQ,1.204119983
KKLFKKILKTL,1.527629901
KLLLKLLKLLLKLLLKLLK,1.698970004
ALWLAIRKR,1.550368313
WGIRDILKYGKPS,0.6989700043
F,3.480988617
GWLDVAKKIGKAAFNVAKNFI,0.903089987
GWLDVAKKIGKAAFNVAKNFL,0.2304489214
WIQPKTKVAPYVRYL,1.89279003
FKRLKKLFKKIWNWK,0.903089987
KKKKKKALFALWLAFLA,1.204119983
VNWKKILGKIIKVVK,1.72427587
TWLKKRAWKKAKPP,-1.461931005
GVVTDLLKTAGKLLGNLVGSLSG,1.397940009
KWKLFKKILKFLHLAKKF,0.4771212547
GVVDALKGAAKDIAGHLASKVMNKL,2
ALWKTLLKKVLKAAA,0.6532125138
EEEEWWWW,2.091680987
GLWEKVKEKANELVSGIVEGVK,1.617482474
ILPWKWPWWPWRA,-0.09691001301
GLLSGILGAGKQKVCGLSGLC,0.9775679334
VRLRIRVRVIRK,0.3010299957
KWFFHH,0.8750612634
GLLALISWIKRKRQQ,-0.178543899
KPVPIIYCNRRTGKCQRM,-0.2218487496
LQKYYARVRGGRAAVLS,2.196494837
RWRRKWWWW,0.4471580313
KLILKRKRKRILIK,1.204119983
KWKKLLKKPLLKK,1.096910013
LCYCRRRFCVCV,-0.193820026
STLALVLRLRGG,1
RW,0.494154594
RR,2.287157418
RFRRLRPKTRPRLKKI,2.10720997
KKLKLFKLKQ,2
RH,3.205734665
RWWRYWR,1.218828156
ILPFKFPFFPFRR,-0.3584650229
GLKKIFKAGLGSLVKGIAAHVAS,2.397940009
GVFDIIKDAGKQLVAHATGKIAEKV,0.7876411761
ALWKNMLKGIGKLAGKAALG,0.3010299957
SKKLFKKILKYLAGPAKFLHSAK,0.3979400087
KWKKLLKKLLKLPKKLLKKLKKLLK,0.3010299957
RQRRVVIWW,0.7242758696
WFN,2
RLPRPRPRPLPFPRPG,2.056904851
LKLFKKILKVL,0.6989700043
GFKDLLKGAKKALVKTVLF,2
FLPIVGKLLSGLSGLL,0.2657285501
WWWLRRIW,1.77815125
FLGLIGSLL,2.137720904
PFWRIRIRR,1.391349566
GIHKILKYGKPS,1.301029996
FLGALFKFASK,2.211661587
IKKIVSKIKKVL,0.8926510339
INWKKGKEVLKAL,2
RRLWLW,1.575995441
KTVPVVLKASIKVSSAGFGF,2.099584135
FPTTKTYFPH,0.9542425094
TWLKARRWKKAKPP,-1.247025963
RILRGVSRRIMRRILTGRR,0.5290936578
KWKKPLLKKLLKKL,0.7958800173
KRKILILIKR,0.903089987
SRSELIVHQRLF,1.634540856
SRVPLKSPVKIVGSKVMIFA,2.07445506
INWKSIFEKVKNLV,1.176091259
VWRHW,2
FKRIVQRIKDFLRNLV,1.602059991
YIPQPRPPHPRL,1.806179974
FLGVVFKKASKVFPKVFGKV,1.759732105
WIQPKTAVIPYVRYL,2.494850022
IKKIWSKIKKLWK,1
KRKKWFW,1.505149978
LKKKLFKKLQ,1.397940009
FFGSVLKLIPKIL,0.494154594
KRFKKFFKKLKKFVKKGFKKFAKV,0.3629593498
AKKVFKRLEKLFSKIWNDK,1.096910013
YRWWRWARRWYRWWRWARRW,1.72427587
KKIASIGKEVLKAL,2
LFGFLIPLLPHIIGAIPQVIGAIR,1.289175573
FIKHFIHRFGGGFKKFWKWFRRF,1.308226213
ILKKLLKGVKSI,1.397940009
FRLHF,1.289492477
GCWTKSIPPKPCF,0.3464119728
FVKLKKILNIINSIFKK,1.540829814
KARRAVRWI,1.743447987
GKSDVRRWRSRY,2
ILGKIWEGIESLF,1.822530684
FLWALFKVASK,2.183892424
AFGVLAKVAAHVVPAIAEHF,1.806179974
LYSPTCVKAAVSRFIGKVSA,2.086542199
KILRGVSKRILTGKK,1.877497137
PW,1.123002631
FKLFKKILKVL,1.698970004
RIWKRWWFR,1.950749927
LPVLFKLASKVFPAVFSSLK,1.766429833
FLLLIPRKIVTAL,2.301922461
ILPWKWPWAPWRR,-0.09691001301
KFKLKKKKLQ,1.698970004
KLLKWLKKLLK,0.15154155
KRHHGYKRKFH,0.9624514293
RICRIVVIRCIR,1.028047167
GILSKLLKKLKKIIAK,0.2552725051
CGGWKRKRC,-0.09691001301
KWRRWVRWI,1.557312384
VKKFPWWWPFLKK,0.7470982531
KWRRWVRWL,1.256282388
FFHHIFRGIVHVGKKIHRLVKG,0.09691001301
GLNALKKVFQGFHEAIKLINNHVQ,1.903089987
RRKKWFW,1.505149978
QKALNEINQF,-1.080921908
KKAAARAAAAARAAWAARAAAKKKK,0.903089987
GILKSLLKKLKKIIAK,0.3424226808
FLPLIGRVLSGAL,1.602059991
VGALAVVVWLWLWKW,-0.7958800173
GIMSSLMKKLKKHIAK,1
LLGSLLKLLPKLL,-0.1079053973
KKTWWKTWWTKWSQP,0.6020599913
FFIFFF,1.1033526
KVVFKVKFK,0.745714909
LKKLLKKL,2.698970004
KKLAKLALLKWLLALKLLALKALKK,0.7944880467
LLIILRRRIRKQAHAHSK,0.6020599913
FFFFF,1.444914596
GIGKFLHSAKKFFKRIVQRIKDFLR,1.915972846
GRWKRWRKKWKKLWKKLS,0.6020599913
LSIRRLLAAGVLKQTKGVGA,1.114444122
TILQSLKNIFK,1.981440262
VIDKAKMESLGITSRDTT,1.200741275
RRRWWWRRWWRR,0.2919266958
KVDKGSYLPRP,1.602059991
FRVTWRTKWWKG,0.4771212547
DLRGACAAAHAL,2
RWRWRWRW,1.698970004
CKYLLKWR,1.65388701
RWRWRWFSATFIKHFIHRF,1.368051898
LKKKKFKLLQ,2
GKYGFYTHVFRLKKWIQKVIDQFGE,1.301029996
ALGALFKVASKVL,2.181565985
RRLMAAKAESR,2.383815366
KKWMSLLKHILK,1.451786436
GWGKFFKKFFKVGK,1.273663363
KKKLKFLLKQ,1.096910013
CVRVRVRVRPGRVRVRVRVC,2.024244961
SRWPSPGRPRPFPGRPKPIF,1.397940009
RRWWKWWRK,0.09691001301
TWLKKRRLKKAKPP,-1.243084081
FLPLLLAGLPSFLCLVFKKC,2.480150725
LKKLKFKKLQ,2
RRRVVVVVRRR,0.3010299957
LGAWLAGKVAGTVATYAWNRYV,-0.09691001301
GIGKFLHKVGSFIKSWKGEIMNS,1.556302501
KTRNWFSEHFKKVKEKLKDTFA,1.955746467
RLGRLVSLHTLG,2
PEEMNKYLTALRHYINLVTRQRY,0.5362078656
IWNKIAKSIGKVLEKAL,1.176091259
WLGALFKVASK,2.214857379
PSCVCSGFETSGIHFC,0.6793638246
GLFDKWAWWRWRR,1.225300643
LLKKLLKLLLKL,1.642196604
KLKLKLKQ,1.875061263
KLKLKLKE,1.875061263
INWKKLLDAAKQIL,0.7634279936
CVHWGTNTARTACIAP,1.769311235
SLLSLIRKLLT,0.2041199827
KKLFKKILKYLAGPA,1
LRKLRKRLLLRKLRKRLL,0.828807695
KMWSKILGHLIR,1.865103975
EEEEAAAGFAKLLAKLAKKLL,1.455226606
RSCVYAYVRVRGVLVRYRRCW,1.698970004
GRIKRIRKKIKKLIKKLS,0.6020599913
WKLFKKILKWL,0.6989700043
FLKALWNVAKSVF,0.494154594
KWFFFH,2
GKLFKKILKIL,0.9827269963
KWKSFIKKLTSKKLHSAKKF,1.312653534
VKWRWKKWRWKWKWKV,1.617093313
ILPWKWPWWPWR,-0.09691001301
GPIRRPKPRPRPE,1.602059991
YQWQRRMRLGAPSIT,2.507903266
GRRYKKFRWKFKGRWFWFG,0.7829934992
RGCVYAYVRVRGVLVRYRRCW,1.698970004
RRWPWWPWKWPLI,-0.08728741994
PKLLETFLSKWIG,1.513757818
GILSSLWKKLKKIIAK,0.3010299957
FGVLAKVAAHVVPAIAEHF,1.704142075
KLWKLWLKWLK,0.6020599913
FLGALVKALSKLL,1.339533884
VRRYPWWWPYLRR,0.4124566803
ILGKLLSTAAGLLSKL,1.903089987
KKAKRRLLKK,2.003871124
WKKWWKKW,2.397940009
INSLKLGKKILGAL,2
KWKLFKKIPKFLHLAKKF,1.444279304
GANAAKKLATFAKKIFTAYW,1.764672907
FFGSIIGALAKGLPSLISLIKK,0.7781512504
GLFDIWKKWRWRR,0.927451077
LLSHSL,1.670060217
GLFDVIKKVLKKIGGL,1.096910013
GLLSRIKTLL,2
FDLLGLVKSVVSAL,2
KVFKRLEKLFSKI,1.397940009
KWKLFKKISKFLHLAKKF,0.6020599913
FSEAIKKIIDFLG,2.237759456
WKKIASIGKEVLKAL,1.792391689
KKWRWWLKALAKKLL,-0.2941306537
RRWQWRMKK,2.270044038
KSLWLW,1.954937989
GLLKKIKKLL,2.408239965
IRIKIRIKIRIK,2.508628528
RRIRPRPRC,2.10720997
VKLKYPVKLYP,0.7735012057
NQHGQVVKIFHH,3.505149978
LRKLKKILKKLF,-0.7861902522
KWKW,2.301029996
NLLKSALKTVNKLLAAS,1.806179974
KRKLIFLAAFLAALALFKKR,1.236771903
AKKVFKRLGIGKFLHSAKKF,0.7958800173
SGGYCGGWHRLRC,1.230448921
AIRCLAQRRK,1.477121255
CVRVRVRVRVRPGRVRVRVRVRVC,1.941130127
FLFKLIPKAIKGLVKAIRK,0.8649053312
FPVTWKWWKWWKG,1.301029996
KKKKKKAAWAAWAAWAA,0
ILGWKWGWWGWRR,-0.3979400087
RLWWWWRRK,0.9190780924
KKLFKKILKYLGIGKFLHSAKKDEL,0.6989700043
VKLFVYPLKVKLYP,0.5458799241
DSHEERRQGRHGHHEYGRKFHEKH,1.806179974
RRRWWKLMM,1.041392685
FFHHIFRPIVHVGKTIHRLVTG,0.7708520116
FWGALFKVASK,2.202908983
IGCWTKSIPPRPCFVK,1.640107769
WRKKWFW,1.204119983
KKKKLFLKLQ,2
FLGKVFKLASKVFPAVFGKV,1.166157959
FLGALFKVASK,2.228986777
KWKLFKKIPLAKKF,2
RWRWRWF,1.428736789
GLLKRIKKLL,1.45331834
RKKRKKLIKRLI,0.5002952436
KLLLLLKLLLLK,0.9542425094
FLGKVFKLASKVFGAVFGKV,0.5721436366
AGYLLPKINLKPLAKLPKKIL,1.739487737
GWKRKRFG,2.301029996
IIRKIIRK,2.682203295
KLLKLFKKKQ,1.397940009
GCRRLCYRQRCVTYCRGR,1.204119983
RSARAGLQFPVGRIHRHLK,1.681241237
RWCVYAYVRVRGGLVRYRRCW,0.7958800173
KRKILI,1.806179974
RRRLCPIVIRVCRR,-0.2543704803
MASRAARLAARLARLALRAL,-2.602059991
FKHHIFRGIVHVGKTIHRLVTG,0.3010299957
ALWLAIRRR,1.44278956
SRSR,2
EPFKISIHLGGY,2.343404897
WIQPKTKAIPYVRYL,1.89279003
GLLDLAKHVIGIASKL,2
WLNALLKKGLNCAKGVLA,0.6215236288
KFWKLLKKALRLWAKVL,0.5723250844
PKLLKFLSKWIG,1.146128036
FVPWFSKFLWRIL,1.397940009
LKKKKKKLFQ,1.698970004
RKRAARLLKRLV,1.130808689
GFKDLLKGAAKALVKAVLF,0.4771212547
LNWGAILKHIKK,1.969881644
GFMKYIGPLIPHAVKAISKLI,1.698970004
GCKKYRRFRWKFKGKFWFWG,-0.8100770328
AAGRYQLLSRYWDAYR,2.176091259
RLARIVKIRVAR,1.637726716
LPWKWPWWPWRR,-0.6989700043
RWRWRW,1.041392685
ILGKLLSTAWKLLSKL,1.230448921
LRKLLLLLRL,1.408009954
ILPWKWPW,0.7993405495
LIRGLFKSFWQVF,1.079181246
TKCFQWQRNMRKVRGPPVSCIKRDS,1.218740406
IRKLKSWKWLRWL,0.903089987
GWGSFFKKAAHVG,1.716003344
KWCFCVCYRGICYCRCRG,0.8920946027
KIAGKIASIAGKIAKIAGKIAKIA,0.534816345
RGLRRLGRKIAHGVKKYG,2
KLKKLFLKKQ,2
GIGKFLHTLKTFGKKWVGEIMNS,1.113943352
FKARRWQWRMKK,1.764922985
MAIVGTIIKIIKAIIDIFAK,1.806179974
RLVRILVSKRPVAIKPYFRL,0.903089987
DDALRRLLRRLLRRL,1.698970004
KAACAAKCLWR,2.214488476
CLAIGRR,1.909668086
GNNRPVYIPRPRPPHPRL,0.2723643105
FFHHIFRGIKHVGKTIHRLVTG,0.3010299957
KKLFKKILKYLKDEL,0.3979400087
EEEEAAAGRLWVLWRR,1.511453822
FHPSLWVLIPQYIQLIRKILKSG,1.698970004
KWKLFKKGIGAVLKV,0.84509804
GLLKKIKWLL,1.45331834
ILPWKLPWWPWRR,-0.07032611593
VQLRIRVRVIRK,0.5917811279
FFFFFF,1.08663989
KLKHVGLHVGKLK,1.748188027
KKPKKPWKPKK,1.260071388
CVYAYVRVRGVLVRYRRCW,0.9542425094
CGGWHRLRC,1.707570176
GHK,2
GIWKTIKSMGKVFAGKIKQNL,0.7781512504
CKAAFC,3.192598257
RRWWRWVVW,0.414973348
GFCWYVCVYRNGVRVCYRRCN,-0.1167844805
GCRRLCWKQRCVTYCRGR,1.204119983
YF,1.687766694
QSHLSLCRWCCNCCRSNKGC,1.336921589
VDNANDLLSKVKKDKSD,0.6428302712
RRWCFRVCYRGFCYRKCR,-1.522878745
YL,2.036291692
FLSMIPKIAGGIASLVKNL,1.812206807
DAHKLAKLAKKLAKLAK,-0.3010299957
KLRKLFRKLLKLIRKLLR,0.8356370678
CKSIPGRCG,1.875061263
WFKKLLKKALRLWKKVL,0.5608992616
RRKWLWLW,0.6835040987
FLGKVFKKASKVVPAVFGKV,2.075869847
FISGLIGGLMKAL,2
VQRWLIVWRIRK,0.480689663
GLLSVLGSVAKHVLGHVVPVIAEHL,1.293276996
FKARRWQWRM,1.835056102
FKKLKKIANIINSIFKK,2.351796307
ILPWKWPWLPWKK,0.2455661251
NKKAGLFVVQFPKKY,1.614897216
AKRLLGYKRKFL,0.3941847952
KWWRWRRWW,1.617028301
DGRGKQGGKVRAKAKTRSS,1.808962119
VDKPPYLPRPRPPRAIYNR,0.8413205547
SMLSVLKNLGKVGLGFVAAKIAKQA,2
KWFKKIPKFLHLAKKF,1.230448921
ILGKLLKTAAGLLSNL,1.806179974
VNWKKILAKIIKVVK,1.432969291
ISSPLFKTLLSAVGSALSSSGGQE,2
VIPFVASVAAEMMQHIFCAASRKC,0.6625159963
GIGKFLHAAKKFAKAFVAEIMNS,1.304702062
PKLLKFLKWIG,0.903089987
LLKWLLK,2.039434002
WGRAFSRGVRRLARGGRG,1.201123897
GLPGPLGPAGPK,2.973127854
HQFRFRFRVRRK,0.6020599913
FLGGLIKWKWPWWPWRR,0.5285203913
IDWKKIFEKVKDLV,1.67669361
LKLASIVSWAKKVL,0.7958800173
KRRKLAFRAFRFALKAVLKK,-0.6898514148
ELLVDLL,1.138605302
VDKGSYLPRPTPTPRYRPIYNRN,1.301029996
YLFQTWQHLFR,1.90974237
KARRWVRAI,1.743447987
KVFKRLEKLFS,2
VLNENAAR,3.397940009
ALWKEVLKNAGKAALNEINNLVQ,0.9973863844
LKKWLKKWLKK,1.727305245
KFRRFVRFI,0.6020599913
GGHRAGLQFPVGRVHRLLRK,0.6020599913
FLPIIGQLLSGLL,1.903089987
LKRIKTLL,1.498243077
GLLSLLSLLGKLL,0.494154594
LYAAIIAKLLES,2.301029996
FLGELWNVAKSVF,1.096910013
LLRRLLRRLLRR,2.485697992
IHGLV,2.269498654
NGVQPKYKWWKWWKKWWW,1.540566319
ATHLLHALQRF,2.281825575
IKKILSKIKKLLK,0.7958800173
NRLARHFRDIAGRVNQRL,1.041392685
WLRAFRRLVRRLARLLRR,0.5211380837
GKMKEYFKKFGASFKRRFANLKKRL,0.4771212547
RLARRVVIRVAR,1.32558105
LRLR,2
PRPLPFPRPG,2.698970004
GLRRALLRLLRSLRRLLLRA,0.903089987
ILGPVISTIGNALGGLLKNL,1.706999154
KWLLKWL,1.90910187
NYISFFRKCKNSQST,1.545384467
KQTENLADTY,1.949390007
WRSLGRTLLRLSHALKPLARRSGW,1.849419414
VWRHWRRFWHR,0.7958800173
RWCVYAYVRVRGSLVRYRRCW,0.7958800173
FLGALWEVAKSVF,0.7958800173
WAQPKTKVIPYVRYL,1.591765594
RPVYIPQPRPPHPRL,1.836087254
AGKKTIRQYLKNKIKKKGRKWVIAW,0.903089987
KKWWKFIKKAVNSGTTGLQTLAS,1.392372315
RFRRLRIKTRIRLKKI,1.204119983
TPAEDLARYYSALRHYINLITRQRY,1.079181246
ALWMTLLKKVLK,1.72427587
MAARAARLAARLARLALRAL,-2.602059991
YKLLKKLLKKLKKLLKKL,0.6497519817
LLGDFFRKAKEKIGKEFKRIVQR,2.204119983
FAKWAFKWLKK,0.9347085762
LLLLLKKKKKKLLLL,0.84509804
KKLKKFLLKQ,2
GLNALKKVFQPIHEAIKLINNHVQ,0.903089987
KFLKKAKKFGKA,2.565081528
GKWMSFLKHILK,1.338456494
RAVAVIIRLRRV,0.888560376
ILGPVLGLDGNALGGLIKKI,1.707435755
INWSKIFEKVKNLV,1.096910013
FLGELWNVWKSVF,0.7958800173
INWLKLGKKLLSAL,2
LLPWKWPWWKWRR,1.207423111
FFGWLIKGAIHAPKAIHPLIHRRRH,1.133538908
GANAAKKFATIAKKFINYLW,1.45290674
KWKLFKKIGPGKFLHSAKKF,0.4948500217
GVVVRVPRVVVRWVRR,0.903089987
HFLGTLVNLAKKKL,2.10720997
RRWVIWRR,1.402352046
SFKKFWGGVKAIFKGARKGWK,0.1760912591
FPVTWPTKWLKG,2.233666999
CVKVSVKVGSGVKVSVKVC,-2.301029996
RGVRPVVQGVKEKVR,1.573938057
GVVDILKGAAKDIAGALASKVMNKL,2
SMLKVLKNLGKVGLGFVACKINKQC,1.301029996
RRPRPRPRPWWW,1.301029996
WLLINR,-0.2218487496
YRWARWWRR,0.5419247869
KWKWKWKW,1.096910013
GLPALISWIKRKRQQ,0.4943288661
SPRRRTPSPRRRRSQSPRRR,2
NLLNDALGTVNGLLGRS,1.505149978
KKLWLW,1.058938549
PVVIRTVVAGYNLYRAIKKK,1.640396785
FVDLKKIANIINSIFKK,1.822168079
KKKKKKLLFAAWAAFAA,0.903089987
NCIQQCVSKGAQGGYCTNEKCTCY,0.5847038741
GIFGKILGAGKKVLCGLSGLC,1.196685581
KKAAHVGKHVGKAAL,1.469822016
VKWRWKWKWRWKWKWKV,1.584834302
KVVVKWVVKVVK,2
VTRRRHGV,2.008716805
LCAAHCLAIRRR,1.665450755
PRPPHPPRPPHPRL,1.806179974
ILPWKWPLWPWRR,-0.07032611593
GKIIKVVK,2
WKRRIKIWKKIR,2.408239965
WGKFFKKFFKKGK,2.183951233
ALLLAIRRR,1.47118024
LKKKKFLKKQ,1.698970004
LLKLLLPKLKGLLFKL,1.086359831
GVADILKGAAKDIAGHLASKVMNKL,2
LLKALKKLLKKLL,1.419628818
KKAAAKAAAAAKAAWAAKAAAKKKK,1.204119983
GKWMSWLKHILK,1.004321374
KILSSLLKKLKKIIAK,0.1461280357
TESYFVFSVGM,2.127871881
WKWKWKWKPGKWKWKWKW,0.3010299957
IGKLPKWIIKTVNKFTKK,0.3222192947
PMLRVRLASHLRKLRKRLLR,1.698970004
PKLLKKFLKKWIG,1.113943352
EPILGIITSLLKSL,1.824827579
FHFHLHFASASAFIKHFIHRF,1.682275263
CWTKSIPPKPCF,0.8011842587
ILPWKWPWLPKRR,0.5463931885
RWWRWWR,1.45484486
ALWKTLLKKVLKA,1.096910013
GWGSFFKKAAHVGKHVGKA,1.301029996
LAAKLTKAATKLTAALTKLAAALT,1.380211242
KWKLFKKIGIGKFLKKK,0.494154594
VIHRAGLQFPVGRVHRLLRK,0
FLSLIPAAISAVSALANHF,2.420962505
GVVDILKGAAKDAAGHLASKVMNKL,2
GKWKSLLKHILK,1.534026106
LLCIALRKK,0.8750612634
FFLLPIPNDVKCKVLGICKS,2.176091259
GLLKLIKTLL,0.2551358845
GLIKIVPAMICAVTKKC,2.155791672
FLPMLAGLAANFLPKIVCKITKKC,0.9542425094
KKLKKLKKFQ,1.096910013
GIIKKIIKKIIKKI,0.903089987
KRRKLIKILKLIIKLIRKKR,-1.407965493
RCRCRCRCRC,1.182217108
SAVGKLASKVFPAVFSMVTK,2.092795833
RPAFRKAAFRVMRACV,2
GLLKRIKWLL,0.5087802456
AKKFGKAFVKIL,1.976970984
FLGVVFKLASKVFPAVVGKV,1.181772931
FLSTLLKVAFKVVPTLFCPITKKC,0.5412590953
KLLKKLLKWLK,0.15154155
RKWVAWRNR,1.992601846
RLYRRLYR,1.117271296
ALWKTMLKKLGTM,1.704150517
RRWWRF,0.7781512504
KGLFHAGKMIH,1.907102586
RVRWYRIFY,0.1679412304
ASPTVFRSSVFLSLFVVAKK,2.069068809
GFFALIAKIISSPLFKTL,1.308386425
KWCFRVCYRGICYRRCR,0.855065249
LFFFFF,1.384179209
RGFRRR,1.079181246
GIHDILKYGKRS,1.301029996
WIRYKWPRKVVRYWTGP,2
VCNEIGLLKSLCKKFVKGHLGE,1.982271233
RIIDLLARVRRPQKPKFVTVWVR,0.4948500217
GLFGILGSVAKHVLPHVIPVVAEHL,1.283477267
CVDIGFSPTGKRPPFCPYPG,1.669897447
GLFDIWKKLRWRR,0.9449754721
GCTYNVKPDIQGFELYFIGSVTCG,1
KWWKKWWKWWKKWWKK,0.3979400087
VVKCSYRQGSPDSR,2.101891576
WRPGRW,2.10720997
KKLAKALKLLAPLWLKLAKALKKA,-0.06550154876
GKWMSLLKHIWK,1.397940009
GRCRGFRRRCFCTTHC,0.7781512504
RWCGYAYVRVRGVLVRYRRCW,0.7958800173
FLPIVGLLKSLLK,1.770852012
GGLIKIVPAMICAVTKKC,2.142153238
FVKKFWGGVKAIFKGARKGLK,0.8920946027
FWQRNIRIRR,1.937135707
GSKKPVPIIYCNRRTGKCQR,0.3979400087
VNWKKVLAKIIKVVK,1.113943352
QEKDRTFAGFLLKGFGTSAS,0.07918124605
KALWKTMLKKLGTMAL,1.322219295
FWGFLGKLAMKAVPSLIGGNKSSSK,1.698970004
TKVIPYVRYLWWWWW,2.795880017
KKRYKKKYKAYKPYKKKKKF,1.397940009
WKWKWKWKWKPGKWKWKWKWKW,1.806179974
RKRKSDVDFEAEFELFEDDD,2.011937812
PRPLPFPRPGPRPI,2.10720997
ILAWKWPWWPWRR,1.698970004
RRFWHRAH,2
KRRKAIKILKLIAKLIRKKR,-1.393438875
VNWKKILPKIIKVAK,1.903089987
GLFSVLGSVAKHLLPHVAPIIAEKL,1.583335566
IKQGLPQE,3.397940009
KKKKKKAAFALWAAFAA,1.204119983
RRRR,2
RIKRWWWWR,0.4313637642
DSHAKRHHGYKR,1.729432866
FLGKVFKGASKVFGAVFGKV,2.088817497
FEDLPNFGHIQVKVFNHGEHIHH,2
GIGKFLKKAKKFGKAFVKILKK,-0.09309908421
RIGSILGRLAKGLPTLRSWIKNR,1.096910013
IKWKAILDAVKKVI,0.9932532546
KKRWWWWWR,1.323940924
MIHGLVTRR,1.965642952
RIIDLLWRVWRPWKPKFVTVWVR,1.301029996
YCSFNVTPKFKRWQLYFRGRMWCP,0.3010299957
VLNDNLLR,3.397940009
HFLGTLVNLAKKIK,2.10720997
GEFKKIVQKIKDFLKNLV,2.079181246
KLAGKLAKWAGKLAKLAGKLA,0.5733528802
GVVDILKAAAKDIAGHLASKVMNKL,2
AIHKLAHKLTKKTLRAVKKLAN,1.021189299
CLLKKLLKKLLKKC,1.873600887
RWCVYAYVRRRGVLVRYRRCW,0.4955443375
GAKYAKYIYNFYKYIAKYIW,1.396756169
KKKKKKAAFLAWALFAA,0.903089987
HFLGTLVNKAKKIL,2.10720997
KFKKKLKKLQ,1.096910013
KWLLLLKLLLLK,0.8129133566
VIVKAIATLASKLL,1.443750342
FLGKVFKKASKVFPAVFGKV,1.765240672
PSLLYKAKAVFCKPSAVAVF,1.776877238
ILPWRWPWWPWRR,-0.3979400087
ALWRRLLRRLLRSARRLG,0.2730012721
RRRFFF,1.748188027
PAVFKIASKVVPSVYCKVSR,1.769024796
WLKKW,2.022312225
IKKIWSKIKKWWK,1.096910013
FFKKFWGGVKAIFKGARKGWK,-0.09691001301
FFSMIPKIATGIASLVKNL,1.795348946
RIKRFWPVVIRTVVAGYNLY,1.78676168
GRFRRLRKKTRKRLKKIGKV,2.10720997
YCSYTMEA,2.49454737
FHFHLHFGGGFIKHFIHRF,1.418985795
FKKFWKWFRRFGGGFIKHFIHRF,1.609256208
FIGGIISFFKRLF,1.510075591
LLAIVGNLLKSLL,0.8643169866
WRRWWRRWWRWWRRWWRR,0.903089987
FKVKFKVKVK,0.6810267836
KKPKLPWLPLK,1.380211242
GRKKRRQRRRPPQ,0.6020599913
ILPWKWPWLPLRR,1.152140037
RIIDLLWRVRRPQWPKFVTVWVR,1
SALHLVLRLRGG,2
KRKILILILIKRK,0
KRRLIFRILKLFFRFLVKKR,-0.4278762146
KLLKLLKLLKLLKLWK,0.7958800173
KWKLFKKIPKFLHSAKKF,1.447158031
RWCVYSYVRVRGVLVRYRRCW,1.397940009
HLHFPHLHFP,1.591263018
WLNALLHHGLNCAKGVL,0.9347934982
GALFKVASKVL,2.247031938
TWLKKRRFKKAKPP,-1.251443949
KFLHLAKKFPKWKLFKKI,1.397940009
KKKVVVVVKKK,0.903089987
DDFLCAGGCL,0.9206450014
QQRFEWEFEQQ,2.517646465
KRIVQRIKKWLR,0.3010299957
FIGPIISALASLFG,1.77815125
GVVDILKGAAADIAGHLASKVMNKL,2
WWKRWKRIRRIFMMV,0.5621019764
GATAIKQVKKLFKKKGG,0.6020599913
SKVGRHLRRFLHRAHRKL,2
RKKKLKIIKRLI,0.2112559126
KWI,1.397940009
KFWKLLKKALRLWKKVL,0.5608992616
KRKILILILIL,1.806179974
KKWRWWLKALAKK,0.6620011512
KRRLALFRAFRLALKSVLKK,-1.382921613
ILPWKKPKLPWRR,0.2604853338
KWKLFKKIFKCWRWQWRWKKLGA,0.4955443375
RWCVYARVRGRRYRRCW,0.4955443375
GRRPRPRPRPFFF,2.204119983
LALKSGGWLRLFGLKDKKH,0.9542425094
RLKKHLKKIK,1.99605685
RWWRKIWKW,0.9444826722
KTLLKKVLKAAA,0.9542425094
SAVGRHLRRFLLRKHRKH,2
FKAWRWAWRMKKLAAPS,1.477074136
VWRKWRRFWKR,0.7958800173
GIGKFLHSAKKWGKAFVGEIMNS,1.708240462
FIRWRFRWWRWRR,0.4543889631
FLGGLIKWPWWPWRR,0.5919733505
GSKKPVPIIYCNRRTAKCQRM,0.8149604393
KRLFKELKFSLRKY,2.033423755
AANCITLGKA,1.477121255
FFHHIFRGIVHVPKTIHRLVTG,1.204119983
LDVKKIICVACKIKPNPACKKICPK,2
KWCRCVCRRGICYCRCRG,0.8920946027
WIQPKTKVIPYVAYL,2.795880017
GCKKYRRFRWKFKGKFWFW,1.382086415
GMASKLAKVLPHVVKLIK,2
WFHHIFRGIVHVGKTIHRLVTG,0.6020599913
FLPKLLAGLPSFLCLVFKKC,1.619093331
FLKWLFKWLKK,1.211281767
RRIIRKIIHII,1.14544208
KWWVFRVVYPRIVYRRVRWK,0.3096301674
AKRHHGYKRKFH,0.2969034947
WWRRWWRR,0.903089987
KKTWWKTWWTKWSQPKK,0.3010299957
WRPGRWWRPGRW,0.903089987
KKAKKFGKAFVK,2.569474343
FLALILRKIVTAL,1.610573004
GIHDILKYGKPS,1.477121255
GIHDILKYGKPA,1.698970004
IKKRWWWFR,1.959319673
KKLAKLALLKWLLALKKLALLALKK,0.6711728427
RIRWILRYWRWS,0.6020599913
GIGKFLHSAKKFAKAFVGEIMNS,0
VWPLVIRTVIAGYNLYRAIKKK,-0.2218487496
KPAEDLARYYSALRHYINLITRQRY,0.1760912591
FLSLIPHAINAVSTLVHHSG,1.152135914
AIFIFIRWLLK,1.204119983
RLKKIGKVLKWI,0.903089987
IKTLLHFFQRF,1.343859887
GMATAAGTTLGKLAKFVIGAV,1.903089987
AKRLKKLFKKIWNWK,0.3010299957
KQWRIRVAVIRA,1.330271572
FLPLFLPKIICVITKKC,1.248154417
FLWWLFKWAWK,1.119255889
LMCTHPLDCSN,1.414032654
VNWKKILGKIIKVAK,0.9542425094
VKLYVYPLKVKLYP,0.1616174284
TWLKKRRYKKAKPP,-0.778199768
QPRPPHPRL,1.806179974
GIIPIISIIGKII,1.531478917
SFPFFPPGICKRLKRC,1.544068044
LLIILRRRWRKQAKAKSK,0.6020599913
RWRWNRRTGRWRWY,0.903089987
FLSLIPKAIKAVGVKAKKF,2.094669199
CLRKLRKRLLC,1.358453637
HFLKTLVNLAKKIL,1.505149978
GLLKRIKTAL,1.445097161
PKLLKTFLKWIG,1.146128036
ANFLPKIFCKITRKC,1.44800779
WWWWRRRRRRRR,0.6505410416
KLKKKKLKFQ,1.698970004
GPCASDHNC,1.681241237
LLPIVGALLKSLL,0.8697487553
GIGKFLHSAKKPGKAFVGEIMNS,1.723962321
LKKLLFKKKQ,2
VDKPPYLPRPRPPRRIYN,1.758009359
LFWKLLLKALRLWAKVL,0.5784574586
ILPEKEPEEPERR,2
ILPLKLPWLPLRR,0.791811312
GVCRCVCRRGVCRCVCRR,1.505149978
RPKHPIKHQGLPQEVLNENLLRF,-1.140538084
DTFDYKKFGYRYDSLELEGR,-0.5228787453
KRRRRRR,2.158375134
WKWKPGKWKW,1.505149978
RRLRKKTRKRLKKIGKVLKWI,0
LKLLKFKKLQ,1.397940009
KKPWWKPWWPKWKK,0.3010299957
AAHCLAKRKK,1.477121255
GVFLDALKKFAKGGMNAVLNPK,2
AKVTMTCSAS,1.699763011
SPEEARVKILTAIPEMREEDLSEE,2
GKPRPYSPRPTPHPRL,0.3334496124
IGKEFKRIVQRIKDFLRNLVPRTES,1.903089987
KWKLFKKAVLKVLTT,0.903089987
GEFKRIVQRIKDFLRNLV,1.77815125
KWKLFKKIPKFLH,2
RFPWWWPFLR,2.525564604
KWKKLLKKLLKLLKKLLK,-0.15490196
WRKVWRPGVKRWVK,2.10720997
EIEKFDKSKLK,3.961909038
AKRHHGLNCAKGVLA,1.006880181
DDDKTEEEDDKENETTKVVE,1.626340367
GKKYRRFRWKFKGKWFWFG,0.7876316049
RIKRFWPVVIRTVV,1.928317593
RKKK,0.5538374103
AKAKAYPAKAKAYP,2.13142941
KKWKIVVIRWRR,0.07881148015
FIKWKFRWWKWRK,0.1760912591
FLPILASLAAKFGPKLFSLVTKKS,1.113943352
KKFPWWWPFKK,0.4039771573
DAACAAHCLWR,2.215956226
MQFITDLIKKAVDVFKGLFGNK,0.9439888751
AIHKLAHKLLKKLLRAVKKLAN,0.7781512504
PL,2.146666705
LSFPTTKTYFPHF,0.9542425094
RDDFR,1.982271233
RRGHYY,3.397940009
LLKKLLKKM,1.748787904
LLKKLLKKC,1.763319693
VDKGRYLEAPTPPRPIYNRN,1.301029996
FPVTFRFFKFFKG,1.282956588
FLGKVFKGAVKVFPAVFGKV,1.777072853
FRFR,2
GKFMSLLKHILK,1.477121255
KWKKLLKKPLKLKL,0.4913616938
ILRWPWWPWRRK,2
VNWKKILAKIIKVAK,0.6334684556
AANIPFKVHFRCKSIFC,1.724219508
GIGKFLKKAKKFGKAFVKMKK,-0.3010299957
RKWIWRWFL,-0.1018338055
FQNRRMKWKK,2.408239965
FLPLLGRVLSGLL,0.7160033436
KDWEHLKDWEHLKDWEHLKDEL,2
FLPLIGRVASGIL,1.602059991
LLPPWLRPRNG,2.180927167
KKWRKSFFKQVGSFDNSV,1.466036221
RRWWKWWWR,0.4313637642
INWKKLGKKILGAL,1.633468456
GLFKVLGSVAKHLLPHVAPIIAEKL,1.576551153
RHRHRHRH,0.9239732806
GNNRPVYIAQPRPPHPAL,1.796474778
KKKKKKAAFALWLAFLA,1.204119983
FFSMIPKIAGGIASLVKNL,0.6334684556
KIRVRLSA,1.229995136
HFLGTLKNLAKKIL,2.10720997
GIFGKILGVGKKVLCGLSGMC,0.8859266085
WKKWWKRRW,-0.1642764608
AINPKSVQSLL,2.301029996
FFHHAFRGIVHVGKTIHRLVTG,1.698970004
WFWKLLWKALRLWWKVL,0.8288335732
IVPFLLGMVPKLVCLITKKC,0.903089987
KWKSFIKKAKTSFLHSAKKF,1.015761028
VRRFGWWWGFLRR,1.24457143
IKKVASV,3.13876514
KWWKIWRWR,1.646393734
KWLNALLKKGLNCAKGVLA,0.2923196037
WIQPKTKVIPAVRYL,1.89279003
KLKLLKLLKLLKLLK,0.4771212547
RQIKKAFRKMA,1.96836561
FKKFWKWFRRFGGGRWRWRWF,0.1218326352
GKWMTLLKHILK,1.583198774
WQRRMRKLGAPSIT,1.769545816
AKRHHGYHRKFH,0.280181455
FLFRVASKVFPALIGKFKKK,0.8377171809
IRIRIRIR,0.7958800173
WRWWRRWWRR,0.3979400087
KNWKKIASIGKEVLKAL,1.096910013
ALYKKFKKKLLKSLKRLG,0.3639639648
GFRDVLKGAAKAFVKTVAGHIAN,1.397940009
ILGKLLSTAWKLLSNL,1.230448921
GLLTRIKTLL,2.301029996
ALHKTMLKKLGTMAL,1.653212514
KYR,2
RVVRPVVQVVKQKVR,0.04812659915
RWCVYAYRRVRGVLVRYRRCW,0.7958800173
KWWKWWKKWWKK,1.505149978
STIGKLVKWIIKTVNKFTKK,0.6812412374
FLPVLVKVFRYSKKTAAGCF,2.051303027
TRTR,2
AQRHHGYKRQFH,1.708655713
GFIFH,2.207810725
GWFDVVKHIAKRF,1.698970004
NGVQPWYKWWKWWKKWW,1.562340664
GVVVRVGRVVVRWV,0.903089987
KKLIKVFAKGFKKAKKLFKGIG,-0.09309908421
AKQHHGYKQKFH,1.322460776
WIQPKTKVIP,2.795880017
FAPLIGRVLSGIL,1.301029996
KLLLLLKLLLWK,0.8129133566
ILGKLLSTAAKLLSNL,1.505149978
LLKKLLKKLLKL,2.236278582
RKKKAKIIKKII,0.8335867313
GLLKVIKTLL,0.436742804
ILGKIWKGIKSLF,1.823074597
WRRRRRRRR,1.342671961
KLLNLLPGLLAGIF,1.698970004
FKRLEKLFKKIWNWK,1.096910013
ALWKKLLKKLLKSAKKLG,0.2730012721
GFFALIPKI,1.997724881
SILSGNFGVGKKIVCGLSGLC,2
QKKIAVRLSA,0.8564566742
KKKKLFKLLQ,1.096910013
FLSLIPHAINAVGVHAKHF,2.393000622
TLLKKRRWKKAKPP,-0.2430840815
WRWR,1.698970004
WRWRWR,2
HPLKQYWWRPSI,2.096910013
DVIKKVASVIGGL,2.89683429
KKKLLLLLLLLLKKK,1.146128036
IRMRIRVLL,0.6020599913
ECKFTVKPYIKRFQLYYKGRMWCP,1.505149978
KWKWWWRKI,0.6627578317
KKVVPKVKFK,1.920616565
FLSFPTTKTYFPHF,0.9542425094
GVVDILKGAAKDIAGHLASKVMAKL,2
SKHWLWLW,1.113378029
GALFGLASKVFPAVFGAFKK,2.095330386
GLLSGILGAGKHIVCGLSGLR,0.6660808841
FLPLLLSALPSFLCLVFKKC,1.643452676
FIFHIIKGLFHA,0.6366897772
LPVVFRVASKVFPALISKLT,2.068650943
IRIR,2
STLHLVARLRGG,2
FIGGIISFIKKLF,1.527873017
IKWAGKLFKLFK,-0.169928237
GVSVAGAKKVKVLFVFPFLF,2.075065142
RKKWFA,1.204119983
FRIRVRV,1.204119983
SMLSVLKNLGKVGLGFVACKINKKC,1.602059991
HKWMSLLKHILK,1.583198774
FKVTWKTKWWKG,0.7923916895
GVGDLIRKAVSVIKNIV,0.8462100542
KLLKLLKKLLKLLK,0.6812412374
GHGHGHGHGH,2.703787633
KKFFLKVLTKIRCKVAGGCRT,0.5234211014
FKKLKKLFSKLFSFK,0
QPFSLERW,2.276231958
GKKYRRFWKFKGKWFWFWG,0.7826624739
AWLDKLKSLGKVVG,2.230448921
ILGTIPGLLKGL,2.408239965
NLWAGILKHIIK,2
RRLFRRILRYL,1.810904281
AAAKAALNAVLVGANA,1.903089987
GKKLLKKWKKLWKKW,2.699285525
GLNTLKKVIQGLHEVIKLVNNHA,1.698970004
SRSEKAGLQFPVGRIGRMLKK,0.6989700043
GATPEDLNQKLS,2.293329455
KFKSFIKKLTSKFLHSAKKF,0.71418311
VDKPDYRPRPWPRPN,2
LLIKFLKRFIKH,1.109022413
KRRRRR,2.175880677
ADDDDDD,1.698970004
CYCRRRFCVCV,0.5051499783
FPWFNQYVKL,1
FVQWFSKFLLRIL,1.681241237
LLPIVANLLKSLL,0.8517692457
PRRRK,2.698970004
ALWKTLLKKVLKAAAK,1.146968071
SGGYCGGWHRLRCTSYRSG,1.531478917
GLFKVIKKVAKVIKKL,1.440721822
PPIVGSIPLGCG,2.10720997
LKLKFKLKQ,1.397940009
RRRRWWK,2.038730741
ILGTILPLLKGL,2.408239965
RFRRLRKWTRWRLKKI,0.903089987
AAGMGFFGAR,1.103803721
GIMSSLMKKLAAIIAK,0.6989700043
RRRRWWW,1.488518507
FLPIVGKLLSGLF,1.574031268
ILPWKWPKLPWRR,0.2460575087
SNWKKIASIGKEVLKAL,1.397940009
GGVKRFKKFFRKLKKSV,0.5051499783
KWKLFKKIFKRIVQRIKDFLR,1.04971089
GLLGPLLKIAAKVGSKLL,0.4771212547
LCYCRRRFCVC,-0.3746810282
DSMGAVKLAKLLIDKMKCEVTKAC,1.230448921
SKGKKANKDVELARG,2
WWWLSRIW,1.698970004
RRRWWWF,0.5256468017
RRRWWWK,1.425413413
GIGKFLHSAKKFGKAFVAEIMNS,0
GLFDVIKKVASVIGGA,1.803030067
SMLSVLKNLGRVGLGFVACKINKQC,2
KKKKKKIIKKII,0.8250614102
GLFRALLRLLRSLWRLLLRA,1.806179974
KRWWWWRFR,0.7708520116
ALWKTLLKKVLK,1.505149978
KNWKKILKKIIKVVK,0.84509804
PKLKTFLSKWIG,2.029383778
RWKLLLLLRL,0.1792356695
IKPAGKLFKLFK,2.566327247
LCYTRRRFTVCV,-0.3187587626
AIRRWRIRK,1.836016223
FVRWFSKFLGRIL,1.079181246
SMLSVLKNLGKVGLGFVA,2.301029996
LKIAKGIIKSL,1.92682194
VKRFKKFFRKFKKSV,1.27880404
FRRPFKWPRRFFKFF,1.187520721
RFRRLFRIRVRVLKKI,1.204119983
HFLGTKVNLAKKIL,2.10720997
FRIRVRVFKRIVQRIKDFLR,0.6020599913
GLAANFLPKIFCKITRKC,0.7908045507
PWWPWRR,2.363212594
GWRLIKKILRVFKGL,0.3402480218
KKKKKFLLLQ,2
GCRRLCYKQRCVTYCRGPPR,0
RVVRQWPIGRVVRRVVRRVVRF,-0.1444786056
GLLRKWGKKWKEFLRRVWK,1.104602008
RVVRQWPIGRVVRRVVRRVVRL,0.161880113
KLPLLPWLPKK,1.806179974
GIGKFLHSAKKFAKAFVAEIMNS,1.000878092
PVVGRVASKVFPAVIGLVKK,2.093412667
RVVRQWPIGRVVRRVVRRVVRY,-0.1469625213
WKWKWK,1.505149978
SFFKKAAHVGKHVGKAALTHYL,1.301029996
AKKVFKRLGIGAVLWVLTTG,0.494154594
FIFHIIKGLFH,0.6586305988
KWKLFKKI,1.806179974
KVQNQHGQVVKIFHH,3.505149978
ELSKAVRLIK,1.301029996
GIGKFLHAALLFAKAFVAEIMNS,0.6902063642
RWRWR,1.764980784
RRCPIVVIRVCR,-0.1672781283
CKRFRIRVRV,2.396416538
SIGRRGGYCAGIIKQTCTCYR,1
KWKSFIKKRTSKFLHSAKKF,1.301724275
CKKRKC,0.7183964557
VFQFLGRIIHHVGNFVHGFSHVF,2
RPRRRATTRRRITTGTRRRR,1.698970004
GTGLPMSERRKIMLMMR,2
GKKLFKKILKYLAGPAKFLHSAK,0.09691001301
FLGGVFKGASKVFPAVFGKV,2.095330407
LLKELWTKIKGAGKAVLGKIKGLL,0.6020599913
KKKKKKAAFAAFAAFAA,0.3010299957
KAEDLARYYSALRHYINLITRQRY,0
WWRWRW,1.269530117
AERVGAGAPVYL,2
ADMDFTGIAESIIKKIKETNAKPPA,1.677604874
NDAACAAHCLFRGRSGG,1.768052541
RWRLLLLKRH,0.9536689699
GIGKFLHSAKKAGKAFVGEIMNS,0.903089987
LKKFKKKKLQ,1.698970004
WKWRVRVTI,0.4313637642
WKWK,2
LKLKLFPLKLKLFP,0.7431318309
KWKSFIKKLTSKFLHSAKKN,0.4120812877
KWKSFIKKLTSKFLHSAKKF,0.10515628
STLHLVLALRGG,2
FLGVVFKLAVKVFPAVFGKV,2.072641228
ILPWDWPWWPWDD,2
GRPRPFPGRPKPIFRPR,1.397940009
RWWRWRKWW,0.7160033436
RPWAGNGSVHRYTVLSPRLKTQ,-0.1366771399
KKLKKFKKLQ,1.511883361
FPVTWRWWTWWKG,1.241253198
WKRLVAASAKKK,1.159360873
RWCVYAYVRGRGVLVRYRRCW,1.698970004
KWFFLH,1
KLLKRIKKLL,1.349318512
KLVQQLKNIFR,1.954932446
FLGALWNVWKSVF,0.494154594
SWFKTKSK,1.199293917
RKRIHIGPGRAFYTT,2.149219099
LRFILWWKR,0.806179974
INWLKAKKVAGMIL,1.16918407
RLNRPVYIPQPRPPHPRL,1.096910013
WRWWKIWKR,-0.3816349898
IKHQGLPQED,3.397940009
IKHQGLPQEE,3.397940009
AKKVFKRLRKLFKKI,2
KWKLFKGIRAVLKVL,0.6479874932
RKRLRKFRNKIKEKLKKIGQKI,-0.4486283254
YKLLKLLLPKLKPLLPKL,1.148371945
RFRRLRWRTRWRLRRI,0.6020599913
LKLLKKLLKKLLKLL,0.6020599913
KLKKLLKRWRRWWR,0.5905847477
AWKLFDDGV,1.477121255
GLLSGVLGVGKKVLCGLSGLC,0.6765141897
ILPWKWPAWPWRR,-0.09691001301
LKWRKMFRW,1.056968734
FIKHFIHRFGGGIKQLLHFFQRF,1.638363972
KRFRIRVRV,1.308203069
LHLIALRKK,1.76819873
VIAFAKTKEAKAKLKGQAKG,2.088611754
FLGALAKALSKLL,1.871379763
SYSMEHFRWGKPV,2
VDRGWGNGCGLFGKGG,2
CVKVQVKVGSGVKVQVKVC,-2
FFAAIFRPIVHVGKTIHRLVTG,0.903089987
QRKKWFW,1.505149978
GMASKAGSVAGKIAKFALGAL,1.903089987
KKKKIIKRLI,0.896985942
FLPWFSKFLGRIL,1.380211242
AKRHHGLNCAKFH,-0.1814855761
GLFAVIKKVAKVIKKL,1.454623328
RWCVYAYVRVRGVLGRYRRCW,0.7958800173
YVLLKRKRLIFI,2.301029996
YQCGQGG,0.3979400087
LKKKLFLKKQ,2
PAWRKAFRWAWRMLKKAA,0.6020599913
TFFRLFNRSGGGFKKFWKWFRRF,0.3979400087
RWRWRWFPSGSPRWRWRWF,1.059207686
KKLFKKILKEL,1.900367129
RCYARRRFAVCR,0.1879607327
SALGRLASKVVPAVIGKVTT,2.114356945
KRKLTLVFGVMAGVIGTKKR,1.657034573
TAKVVVFVSFSYVVPKKRAC,2.060188917
KKTWWKTWWTKW,0.6020599913
GLPALISSIKRKRQQ,1.352888767
LRKAKKIAKKLF,0.5394434454
RWFRIQLQIRRWRNRR,1.204119983
FLKLLKKLL,1.146128036
GIHDALKYGKPS,1
WKLLSKAQEKFGKNKSR,0.3222192947
GKKYRRFRWKFRKGRFWFWG,0.7580047335
LLGMIKVAITAISALSKL,1.239781706
GCKKYRRFRWKFKGKFWFWGG,1.363813089
KLKKLFKKLQ,1.096910013
FFHHIKRGIVHVGKTIHRLVTG,0.3010299957
GVVVRWGRVWVRGVRR,0.3010299957
ILPILAPLIGGLL,2
ECKFTVKPYLKRFQVYYKGRMWCP,1.512623578
KLVEQLKEIFR,2.25098128
IKKIIKKI,2.698970004
FLPLLLAGLPKFLCLVFKKC,2.492201451
VDKPPYLPRPHPPRRIYNNR,1.109675741
WKLFKKILKFL,0.6989700043
ARNFGKEFTPV,1.079181246
FDLLGLVKKVASAL,2
RLKKWMQKVIDRFGG,2.10720997
KKLFKKILKYLKKLFKKILKYL,1
GKWMKLLKHILK,1.029383778
LRVRLASHLRKLRKRLLR,1.698970004
IKFEPPLPPKKAH,1.328534061
LYHFLHWFQRF,1.894468425
GLWSKIKEVGKEAAKAAAKAAGK,2
GLSALISWIKRKRQQ,0.2399391414
NLVSGLIEARKYLEQLHRKLKNRKV,1.963787827
GIGKFLHSAKKFGKAWVGEIMNS,1.602059991
YKLLKLLLPKLKGLLPKL,0.3784602059
WWVFRVVYPRIVYRRVRWTGPKK,2
PRPPRLPRPRPRPLPFPRPG,1.257678575
GILSSLWKKLKKWIAK,0.2041199827
RLWRRWRRWRR,0.3010299957
GLLGTLGNLLNGLGL,1.545251427
IASKVANTVQKLKRKAKNAV,1.698970004
RRRWLWLW,0.8956777265
KIAGKIASIAGKIAKIAGKIAK,1.774631487
KLLSHSL,1.894316063
KRRLIARILRLAIRALVKKR,-0.6891515077
ILPWKWPWWPW,-0.09691001301
KLAKGLAKWAKGLAKLAKGLA,0.5733528802
ALFKVASKVLPSV,2.167916809
KLLKWLLK,2.283423891
FLPKMSTKLRVPYRRGTKDYH,0.4610837242
GLLKRIK,1.529615921
FLIIRRPIVLGLL,1.294432416
KWKSFINKLTSKFLHSAKKF,0.7097144523
KKWWKAKKFANSGPNALQTLAQ,1.405485132
RFWPVVIRTVVAGYNLYRAIKKK,-0.3748585614
VLNENARL,3.096910013
RCYCRRRFCVCVGR,0.005542138768
NRWCFAGDD,1.266347727
RIKRFWPVVIRTVVAGY,1.561090942
KLLKWWKKLL,0.903089987
SAVWRWRRFWLRKRK,0.7958800173
KRKILILI,1.806179974
LRALAKALKHKL,1.166941765
KLLK,1.39735402
VKLYPKVKLYP,0.1714412143
WRKIWRPGIKRWIK,0.903089987
GLLKNIKTLL,1.792585885
RIKRFWPVVIRTVVAGYNLYRAIKK,0.4880007286
LRLKKRRWKYRVPP,0.625174995
GLLWHLLH,2.112371493
QKKIRVRLSA,2.028585738
KLKKKFLLKQ,2
GKPRPYSPRPSSHPRPIRV,-0.3979400087
WSPQEEDRIIEGGI,2.089905111
DDALHHLLHHLLHHL,2
GFARIVQRIKDFLRNLV,0.8750612634
WWVFRVVYPRIVYVRRRWTGPKK,1.33243846
GLGKDLAKLGVDLVACKISKQC,2.301029996
KKKKKKAAFALWLAFAA,1.204119983
WLNALLHHGLNCA,1.641324876
AQAAHQAAHAAHQF,1.932991699
IFGAIWNGIKSLF,1.833944275
GFMKYIKPLIPHAVKAISKLI,1.698970004
MKTFLRLYRSLINKVLH,0.875207238
FLQHIIGALTHIF,1.11058971
AIHKLAHKTLKKTLRAVKKLAN,1.021189299
KWKKLLKKPLKLLKKLL,0.3010299957
DRVFKFACRRNKAAR,1.842829517
VFRLKKWMQKVIDRFGG,1.204119983
KLLKLLLKLWLKLLKLLL,1.65698986
RIKRFWPVVIRTVVAGYNLYRA,1.447220512
AMVSS,1.363551873
FFAAIFAPIVHVGKTIHRLVTG,1.806179974
RGGRLCYCRRRFCVC,-0.2365720064
PAWRKAFRWAWHMLHHAA,0.84509804
KKTWWKTWWTKWKK,0.3010299957
RFRRLRDKTRDRLKKI,2.10720997
YKLLKLLLPKLKGLLFKL,0.4473705721
CSGIIKQTCTCYRK,0.6020599913
KRRLILRILRLAIRILVKKR,-0.00488407833
DTHFPICIFCCGCCHRSKCGMCCKT,1.155302859
EQHSSGKSDV,2
RRRFFFFFRRR,-0.3010299957
LLIILRRRWRRQARARSR,0.6020599913
RRWRRWRRWRR,0.6020599913
WCRRLCYKQRCVTYCRGR,-0.193820026
RCPGHTRQIGTSFGPRVKSCRKW,1.505149978
KFGKAFVKILKK,2.260007667
KRFRIRVRVIRK,0.2657231849
KWKKLLKKPLLKKLLKKL,1.849419414
KKKR,1.155897402
PRPPHPPRPPHPPRPPHPRL,1.204119983
FFPGIIKVAGAILPTAICAITKRC,1.698970004
NIWKKIFEKVKNLV,1.397940009
KWWWRW,1.397940009
FFGAIAAALPHVISAIKNAL,1.204119983
RLKLLLLLRW,0.4802656652
KKKVVFKVKFKK,0.3174420364
GIGKFLKKAKKF,2.574226373
STLHAVLRLRGG,0.6989700043
GIIKKIIKKIIKKIIKKI,0.3010299957
HRHRHRHRHR,0.8283787549
AIHKLAHKLLPKTLRAVKKLAN,1.190331698
FHFHLHF,1.211075367
GRKKRRQRRRGGWMWVTNLRTD,0.4537280684
VIHKLAKLAKKLAKLAK,-1.522878745
GLKKLLGKLLKKLGKLLLK,2.204119983
G,0.1613680022
WLNALLHHGLNCAKG,1.589509316
RLCRIVWVIRVCR,0.07776265811
FTPVLQADFQKVVAGVANALAHRYH,1.86332286
PRPLPRP,2.187083981
ARKKWFW,1.505149978
RSITRPVLVRRRWRVRPVF,1.718052802
AIRCLAKRRK,1.477121255
IVLNPWDQVK,3.134193112
SGKLYYRRKK,2
KKLIKKILKIL,0.669481554
VKRFKKFFRKLKKSV,0.3010299957
NGKTWKKNRKACQVK,1.854572004
KKKLLFKKLQ,2
GLFDIVKKVVGAAGSL,1.910240036
MLLKKLLKKLLKKM,1.253720778
FLGGVFKKASKVFGAVFGKV,2.088817497
PKLLKTFLSKWKKIG,1.230448921
FRIRVRVKWKLFKKI,0.3010299957
ILGKLLSWAAGLLSNL,1.079181246
VLPLLETCSMTCWENNQTFGK,1.617123365
IKQLLHFFQRF,1.626568568
RLPRPVYIPQPRPPHPRL,1.096910013
EMLKKKKEVKMERKT,2.020824783
KWKLFKKIGAVLKVL,-0.3010299957
WKKWWKKWWK,1.495544338
VNWKKILGKI,2
KVANTVQKLKRKAKNAVA,1.698970004
KKLFKKILKGL,1.481442629
GLVSSIGRALGGLLADVVKSKGQPA,1.620915675
FIKELLPHLSGIIDSVANAIK,2.041392685
ALWKNMLKGIGK,0.7781512504
GIGK,2
ILPWKWPWWPARR,0.4455987254
RKKRKKLLKRLI,0.5002952436
RKKRKKLLKRLL,0.5002952436
FSVTWRWWKWWKG,0.846036903
GVVVRVARVVVRWVRR,0.6020599913
WF,1.357289466
WE,1.397940009
IKSIASKVANTVQKLKRKAKNAVA,1.698970004
WL,2.595326626
WI,1.4015066
WGRAFRRGVRRLARGGRR,0.5646660643
WR,0.7958800173
WP,1.725062622
WY,2.241042713
RRRRWFWF,0.7781512504
YKFRWRIYI,1.967547976
RGARIVVIRVAR,1.356014843
FLGALAKIISGIF,2
QHSSGKSDVRRW,2
KWFFWH,1.698970004
LSAVGKIASKVVPSVIGAFK,2.113468253
WMQKVIDRFGG,2.10720997
LKFLKFG,2.10720997
KKHKWLWK,0.2390420661
KWKKLLKKLLKLL,0.903089987
VDKGSYLPRPTPPRPIYNRN,1.602059991
RKKKKKIIKKLI,0.8170043467
FMKVLAVFGSVVTSAPKASK,2.092795833
GLVSSIGKVLGGLLADVVKSKGQPA,1.620908473
RWCSYAYVRVRGVLVRYRRCW,1.698970004
VRLWIRVAVIRA,1.537062046
ATLHLVLRLRGG,1
KQLIRFLKRLDRNLWGLA,0.6532125138
PGKYGFYTHVFRLKKWIQKVI,1.698970004
RHRHRH,2.046728355
RLKLLLLRL,1.148166821
AKKVFKRLGIGAVLKVLTWG,-0.1079053973
FKHHIFRGIKHVGKTIHRLVTG,0.6020599913
FAHHIFRGIVHVGKTIHRLVTG,0.3010299957
GIRRILKYGKRS,1.301029996
NGVQPKYRWWRWWRRWWWW,1.493760865
VQLRIRVCVIRR,1.024885411
DDDDDDD,3.176091259
KLKKKFLKLQ,1.397940009
LKALRKALKHLA,1.166941765
NWVKEWIKYLKSLFSHAFEVVKT,0.6020599913
VQLRIRVCVIRK,0.7319832178
GFFALIPKIISSPLFKTLLSA,1.64517004
FRRFFKWPRRFFKFF,0.806179974
PAEDLARYYSALRHYINLITRQRY,0.1760912591
GLKALKKVFQGIHKAIKLINNHVQ,1
MAGNSSNFIHKIKQIFTHR,1.156930288
PKLKFLSKWIG,2.187520721
INWKKIAEVGGKILSSL,0.6344622239
AWKKTIRQYLKNKIKKKGRKAVIAW,0.903089987
WHWTWLPRRRK,1.795880017
NYQSHRHSKS,1.875061263
FYTHVFRLKKWMQKVIDRFGG,0.903089987
PLLKKLLKKP,2.326955009
KKLALALKKLALLWKKLALALKKA,0.6232492904
ILPWKKPKKPKRR,0.7759543613
VWRRWRRFW,1.096910013
QRKIRVRLSA,0.513401185
KKLFKKILKYLAGPATTGLPALISW,0.3979400087
FKCRRWQWRMKKLGAPSITCVRRAF,1.612250339
WPWWPWRR,0.2041199827
FLSLLPSIVSGAVSLAKKL,0.1139433523
KKLALALKKPALLWKKLALALKKA,0.9618954737
RWRKRWK,2.049503981
KWKARKNFIKGSSLGWLIQLFRKR,1.635689991
KWIKWIKWI,1.204119983
GLLKRIKVLL,1.280775755
WFWKWWRRRRR,0.6627578317
IKHQGRPQE,3.397940009
GNNRVYIPQPRPHPRL,2.10720997
FPFLKLSLKIPKSAIKSAIKRL,1.477121255
FLPKKFRWWKYRK,0.9292029437
NLLNKALGTVNGLLGRS,1.505149978
GNNRPVYIPQPRPPHPRPIRV,-0.7008872798
FFGWLIKGAIHAGKAIHPLIHRRRH,0.8325089127
RRIRPRP,2.698970004
HFKGTLVNLAKKIL,2.10720997
FWGALAKGALKLIPSLFSSFSKKD,1.274157849
KLLLKWKLKLLK,0.9294189257
VRRFPWWWPFLRR,0.1186714114
RWLLKLGHHGRAPP,2.10720997
LKKKKFLLKQ,2
FVPWFSKFLKRIL,1.096910013
SKFPLAGIFSVPGVKRVVVI,2.083219939
FVGGVASKVVPSVYCKVSKK,2.089653287
KRLRKFRNKIKEKLKKIG,2.041392685
KKKKKKAAAFAAAAAFAAWAAFAAA,0.903089987
AKRRLLKKMK,2.002837251
RIKRFWPVVIRTVVAG,1.897951613
GLVSSIGRALGGLLADVVKSKEQPA,1.307004547
SGKLCCRRKK,2
FFGWLIKPAIHAGKAIHGLIHRRRH,0.8325089127
RWFHWK,1.477121255
FRRWWKWFK,-0.3801233485
KRIGLIRLIGKILRGLRRLG,1.444091257
GFFALIPKIISSPLFKTLLSAV,2
RRWRIVVIRVRR,0.3806333378
FLGLLGGLL,2.452970359
SFVFKLASKVVPSVFSALTR,2.069068809
FKARLWQWRM,2.148602655
RIIRPIIQIIKQKIR,0.02493742978
GLFDIVKKVVGAL,1.974096815
GRGKQGGKVRAKAKTRSS,1.834871346
YKLLKWLLLKLKALLEKL,1.30551761
FLGVVFKLASKVFPAVFKKV,0.2547749693
KLALKLALKAWKAALKLA,0.414973348
VPYPQRDMPIQAFL,2.692449638
KKLLKKLLKWL,-0.1494884457
AWKVFKRLGIGAVLWVLTWG,0.7958800173
SWFKHKSK,1.059147548
ALLKLAPRLLAGIF,1.698970004
KKAAHVGKHVGKAALTHYL,1.602059991
HWRLLLLKKH,1.269649166
LGYLEQLLRL,3.13203042
QVRWWGRYWRRKWATCR,1.426917054
RWCVRARVRGVRYRRCW,0.1931245984
FLPLAMALGKLL,2
KKKVVFKVKFKKK,0.2819909088
FLGAIAAALPHVINAVTNAL,1.204119983
GLLKKWLKKWKEFKRIVGY,0.8201288527
RWRWRWFGGGFIKHFIHRF,1.38257975
RRIIRKIIHIIK,1.108183351
RRWPLKPWKKPLI,0.5608210136
KWKLFKKLKVLTTGL,0.9542425094
CYCRRRFCVCVGR,0.4313637642
LPKVMAHMK,2
RRR,0.613882525
INLKAIAAFAKKLL,1.325050437
KTCENLADDY,0.3010299957
GKKLLKKLKKLLKKW,1.73225517
KRLRRVWRRWR,0.6989700043
RRWCFRVCYKGFCYRKCR,0.413565202
ILGKAWEGAKSLF,1.847813788
GKKLLKKLKKLLKKG,2.462613073
KWKSFIKKLTSKFLHSADKF,1.010569121
LKKKKFKKLQ,2
RIWKIWWKR,1.969958366
LKKLKFKLKQ,2
FKLFKKILKFL,0.3979400087
QKAIRVRLSA,0.845664485
GVFRRLRKVTRKVLKKIGKVLKWI,0.6020599913
FVQWFSRFLGRIL,1.681241237
FLPAVLRVAAKVVPTVFCLISKKC,0.7885987671
DDALKKLLKKLLKKL,1.397940009
KKPKLPWKPKK,1.204119983
KARQWQSKIRRTNPIFAIRR,1.704783827
GLGSVFGRLARILGRVIPKV,0.3010299957
KALKKLLAKWLAAAKALL,0.785329835
SHKWLWLW,0.9372867696
GVLSNVIGYLKKLGTGALNAVLKQ,1.100970572
RWWVAWRNR,1.672097858
KKKLKKLKKKLK,1.698970004
RAGLQFPVGKLLKKLLKRLKR,-0.3914836664
KKLFKKILKIL,1.328379603
LKRRWKWWI,0.982271233
AAHCLAMRRK,1.477121255
QLKVDLWGTRSGI,2
CAKAKAKAGSGAKAKAKAC,-0.1598939055
LKKLLKLLKKLLKLAG,1.301029996
KLKLKFLKKQ,2
GMWSKILGHLI,1.190331698
WWSYVRRWRSR,0.903089987
ICLKKWPWWPWRRCK,1.486746058
FVDLKKIANIINSIFGK,1.502153893
GLLPLLSLLGKLL,0.1931245984
INWKGIAAMKKLL,1.004108048
KKVADKVLLLKQLRIMRL,1.204119983
YRWWRWARRW,1.72427587
LKKLLKKLLKKL,1.495544338
GLPALISWIKRKRQ,0.1932924856
KHKHKHKHKH,0.871415517
LLKWLKKLLKK,0.15154155
FFHHIKRGIKHVGKTIHRLVTG,0.6020599913
KNLRIIRKGIHIIKKY,1.522444234
IGKKFKRIVQRIKKFLRNL,0.6020599913
GLHKVMREVLGYERNSYKKFFLR,1.019033019
GKPKPYSPRPTSHPRPIRV,0.1760912591
ALWKTMLKKLGTMALHAGK,1.029383778
AANIPFKVHFRCKAAFC,1.414920692
FLPLAGRVLSGIL,1.602059991
LCYARRRFAVCV,0.04139268516
VKLKYPLKVKLYP,-0.5021582932
WLLVNG,1.251300241
KRHHGYKRKFHEKHHSHR,0.6481446564
LKGCWTKSIPPKPCF,0.1374672765
GLKKLISWIKRAAQQG,0.4443851213
GIRDILKYGKPS,1.301029996
RVVRPVVQVVKEKVR,1.553037736
LRKFRNKIKEKLKKIGQKIQG,1.991226076
LKWLKWG,2.10720997
QRFSQPTFKLPQGRLTLSRKFR,0.9678442069
RKRKILILIKRK,0.3010299957
RWRWRWFGGGIKQLLHFFQWRF,0.4247414725
RKFRNKIKEKLKKIG,2.113943352
AFRKQLKW,0.5701290721
ILKWKWPWWKWRR,0.4046397094
KMDSRWRWKSSKK,1.064741946
FAKLLAKLAKKLL,0.438630248
ILPHKHPHHPHRR,2
KWKLFKKLPKFHLHLAKKF,-0.08601346734
VVGRVASKVVPSLIGLFTTK,2.091953917
GIGKALHSAKKFGKAFVGEIMNS,1.505149978
DDALKHLLKHLLKHL,1.698970004
LNLKGLFKKVASLLT,1.477121255
FLFKLIPKAIKKLISKFK,0.6989700043
FLGGLIKIVPAMICAVRKKC,2.06332602
FLGGLIKWWPWRR,0.658373463
GFKMALKLLKKVL,1.10720997
KLLLPKLKGLLFKL,1.352182518
KLRRLIRLL,1.325861987
MVVFSVPKFKSTVAKLLSSA,2.077907559
AWRWKAFRNCWRVRSSSL,1.743662725
KRWWKWWRR,0.09691001301
FFPLVLGALGSILPKVFGK,0.9731278536
FKKFFKKLKNSVKKR,0.5603522468
GKWQSLLKHILK,1.397940009
TRSSRAGLQFPVGRVHR,2.123995578
FAVTWATKWWKG,2
GLFKVLGSVAKHLLPHVVPVIAEKL,0.9721995636
RWCVYGYVRVRGVLVRYRRCW,0.7958800173
NVLLWK,1.918592884
GVVAILKGAAKDIAGHLASKVMNKL,2
KLKLKFKLKQ,1.397940009
SGKRWWRRKK,1.698970004
VWRHWRRFWH,1.096910013
VIRRRRILAAVV,1.980706599
AATGTGKTAAFALPVLERLI,2.10713582
SVAGRAQGM,1.971313266
KKLALHALKKWLHALKKLAHLALKK,0.1303337685
EL,-1.22184875
FFF,3.036649803
AFKMALKLLKKVL,0.3979400087
EW,1.397940009
AVWKFVKRV,1.670275932
AKRHHGYKRK,1.795715627
LLPIVVNLLKSLL,1.144224129
IVRVAVALRRIR,1.710490551
LILGKLWKGVKSIF,1.795333476
WWKKWWKK,1.447158031
TISQAEWFKARRWQWRMKKLGA,-0.5686362358
KIAGKIAKIAGKIAKIAGKIA,0.2874311049
WIQPATKVIPYVRYL,2.193820026
DAHRAGLQFPVGRVHRLLRK,0.3010299957
FLGVVFKLVSKVFPAVFGKV,0.5642946369
RRWHRWWRR,0.7160033436
GSKKPVPIIYCNRRTGKC,0.3979400087
RIIDLLWRVWRPWWPKFVTVWVR,-0.09464296764
WHWRIRKKLR,2
KRIRKRIKKWKR,0.6020599913
KRKKRFKWW,1.31386722
RVKRVWPLVIRTVIA,1.113943352
GLLGKLLKIAAKVGSNLL,0.4771212547
QKKIRVRASA,1.743078576
CVKVRVKVGSGVKVRVKVC,-2.301029996
GMASTAGSVLGKLAKAVAIGAL,2.301029996
AKKFFKKPRVIGVSIPF,0.8211501295
KVFIATLVVSSFLLAKPPRV,2.068650943
KWKLFKKIGKVLKVL,-0.3010299957
LFRLIKSLIKRLVSAFK,1.691956561
RFRRLRKKTRKRLKKI,2.408239965
RKVAPALIKSFVFLFKFKKG,1.740807168
ACPIFTKIQGTCYRG,1.081457519
RRWRVIVKW,0.4313637642
GFGKALKLLKKVL,1
EEEEAAAGRWWRWWRRWWRR,1.349946087
GVVDIAKGAAKDIAGHLASKVMNKL,2
PYSLKNGENWLLSEEIIRYP,2.024119426
FRCRRRFCRF,1.505149978
SVIGKIASKVVPSVYCAISK,2.096597001
LQKYYWRVRGGRWAVLS,1.845987061
KWLLKLKLKLLK,1
ILGKIAEGIKSLF,1.505149978
FLGSVFKSASKVFPAVFGKV,2.082823959
RRWHRHWRR,0.3010299957
WRWRW,1.750060232
IVSSMFVSA,2.123729262
FIFHIIKGLFHAGKMIHGLVT,0.09691001301
KSLVRRWRSRW,1.477121255
GCRRLCWRQRCVTWCRGR,1.204119983
KNWGAILKHIIK,1.920645001
YKRKFHEKHHSH,1.689887533
YSLQMGATAIKQVKKLFKKKGG,0.2304489214
ILPWKWPWWPLRR,0.2320936233
FLPIIASLLSKLL,1.508086713
RMKKLGNHKVSCERNTKRCRKAI,1
VGALAVVVWKWLWLW,-0.7958800173
FLGALFHALSHLL,1.62324929
LYAKIIKKLLES,1.924279286
FKLFKKIPKFLHLAKKF,1.041392685
CREKA,2.301029996
FLGLLFKVASK,2.213774804
AWASFFKKAAHVGKHVGKAALTHYL,0.4654691771
KLALKAALKAWKAAAKLA,0.7403626895
KLLKWLLKL,1.034504753
KLWKKWKKWLK,1.397940009
AKRHHGYKR,1.841519789
RRRRRRRRRRRRRRRWWW,1.72427587
RRWCFRVCYKGFCRYKCR,0.2162846439
KKLFKKILKKL,2.301029996
LGGDNYGTFSGSNGNNFQHGSN,1.347907246
IRCRRRFCRI,2.10720997
KIGAKIKWGAKIKIGAKI,0.6190125628
LLKLKFKKKQ,2
WHWTWL,2.698970004
RQIKIWFQNRRLKWKK,1.806179974
GIMSSLMKKLKKIIKK,0.2304489214
KWKLFKKLPLIGRVL,1.672097858
WWWLKRIW,2
VARGWGNGCGLFGKGG,2
DRDR,2
GFGSPNNYQSHRHSKSIPGR,1.875061263
RCVCRRGVCRCVCRRGVC,1.123851641
LKLKKFKLKQ,2
ILPKKKPWWPWRR,0.5427373673
GLPALISWIKRKRGG,0.1969643828
TWLKKRRWKKAAPP,-1.769904708
HSSGYTRPLRKPSRPIFIRPIG,0.6989700043
KKIRPRPPRLPRPRPRPLPYPRP,0.6020599913
KRIVKLIKKWLR,0.3010299957
KLAKLAKKLAKLAK,2.294138824
ARRARKWARRALKLA,0.7958800173
VKLKVKYPKLKVKLYP,-0.2888060937
CFKFKFKFGSGFKFKFKFC,-2.397940009
GFIGKLASKVVPSVYCKVTG,1.794722284
GLRKRLRKFRNKIKEKLKKIG,1.977723605
KKLALKALLLWLKALLKLAKLALKK,1.354492601
LKKLLKKLLK,2.698970004
KEKLKLKCKAPKCYNDKLACT,1.916143675
GVLDILKGAAKDLAGH,1.004321374
MAADIISTIGDLVKLIINTVKKFQK,1.258007693
KRKIL,1.806179974
AKRHHKYKRKFH,0.5344263102
KLKKLFKLKQ,2
EWFKARRWGWRMKKLQA,-1
IISTIGKLVKWIIKTVNKFTKK,0.6720978579
FVPWFSKFLPRIL,1.397940009
KWPWWPWRR,1.646999786
IKRFWPVVIRTVVAGYNLYRAIKKK,0.06608867733
VRRFPWWWAFLRR,0.4256869145
GILDTLKQFAKGVGKWLVKGAAQ,1.915625868
WFRKQLKW,0.8270229137
TKVIPYVRYLFFFFF,2.795880017
KKWKKWKKWKK,2
KLKFKKKKLQ,1.698970004
KLKFKLKQ,1.397940009
RWCVYAYVRVRGRLVRYRRCW,0.7958800173
FVGALFKALSKLL,1.550752062
LRRWIRIRW,0.7323937598
MGIIAGIIKVIKSLIEQFTGK,1.806179974
FQWQRNIRKVR,2.213027797
GGHGLLKRIKTLL,0.3010299957
WKKWWKWWKKWWKK,0.3979400087
GLWQKIKSAAGDLASGIVEAIKS,0.4084365935
FLGVVFKLASKVFGAVFKKV,0.5636970651
LLGMIPVAISAISALSKL,2
FFGSLLKLLPKLL,-0.1079053973
QKKIRARLSA,1.737842396
RLKRWWKFL,0.69019608
GIHDILKYGKAS,1.477121255
MKWKIGKKIGIGKFLHSAKKFN,2
IRIKIR,2.495919811
KKLFKKILKHL,1.008600172
LCAAHCLAILRR,1.679180229
GFKKLLKGAAKALVKTVLF,0.4771212547
FLGAWFKVASK,2.202908983
CREKAKKLFKKILKKL,1.873320602
FVKLKKILNIILSIFKK,1.618571028
KWKLFKKIPKFLHLA,1.672097858
FLPLIGKVLSGIL,1.806179974
GFLDVVKHIGKAALGAVTHLINQ,1.124612415
AIHKLAHKLLKKLLKAVKKLAK,0.7781512504
RVVRPVVQGVKQKVR,1.56360677
WWWRRRIW,1.096910013
KWARLWRWFRITRWLWYIK,1.558255956
AAHCLLKRKR,1.477121255
RWRLLLLKKF,1.260350012
RWRLLLLKKH,1.263536279
CLLKKLLKK,1.759859161
FLPLIGRALSGIL,1.301029996
FFHHIFRGIVHVGKKIHRLVTG,0.3979400087
SNWLKLGKKMMSAL,2
FLPLLLAGLPKLLCLFFKKC,1.176091259
KWCFCVCYRGICRCRCRG,0.8808135923
GFLSILKKVLKKVMAHMK,1.139879086
VFQFLGKIIHHVGNFVAGFSHVF,2.10720997
FVRWFSRFLGRIL,1.380211242
LLKKKFLKKQ,1.875061263
LRPAILVRVKGKGL,1.62324929
DAACAAHCLFR,1.929092014
VVFRVASKVFPAVYCTVSKK,1.759158922
GWLDVAKKKGKAAFNVAKNFI,1.505149978
KRKR,2
KLLSHSLL,1.832508913
VWRKWRRFW,0.4955443375
GLNALKKVFQGIHKAIKKINNHVQ,0.6020599913
RRWWFR,0.6020599913
WIQPKTKVIPYV,2.795880017
MPLSWFFPRTWGKR,1.548707102
FWRIRIRR,1.124050428
RRPWRWPWWPWRR,1.189210888
FKVQNQHGQVVKIFHH,2.612783857
KWFKKL,1.698970004
KWFWWK,2
VGALAVVVWKWKWLW,-0.4948500217
LLKKALRLWKKVL,1.900627745
CGGWHRLRCTSYRSG,1.113943352
RWKKWWRWL,1.044333743
RWQWRWQWR,1.225433287
FHFHLHFPYPFIKHFIHRF,1.687316854
RYRRKKKMKKALQYIKLLKE,1.643452676
FFLLSLIPSAISAIKKI,1.698970004
WKSYVRRWRSRY,1.505149978
KFKLKQ,1.397940009
KKYRYHLKPFSKK,2.10720997
GLVTSLIKGAGKLLGGLFGSVTG,0.4913616938
RLYLRIGRR,2.521991014
FP,2.387374564
FW,2.551109492
FF,3.204310558
KKLALLALKKWLLALKKLALLALKK,0.4329692909
RGGGLCYCRRRFCVCVGR,-0.05890813746
YWFHWK,2
RLLKFIKKLL,0.8956222614
GCRFCCNCCPNMSGCGVCCRF,1.643452676
KIGKAIKWGKAIKIGKAI,2.124162541
KKVVFKVKFH,0.8997727268
WLNALLHHGLNC,1.662974157
RGLRALGRKIAHGVKAYG,1.016989242
VKNLAELVHRF,2.275541241
GILKTIKSIASKLKRKAK,1.397940009
KRRWRIWLV,0.7849540468
ALYKRLFKKLKKF,1.472851311
GRKSAKKIGKRAKRI,2.548447707
RLKLLRL,2.147601311
LLKKLLKWLKK,0.4525715456
FFPFLLGALGSLLPKIF,1.096910013
GSKKPVPIIYCNRRAATGKCQRM,0.414973348
LLPIVINLLKSLL,1.139999227
ARWWWKIKS,1.297401259
KKAKKAKKA,2.903089987
RKTWFW,1.77815125
WWFHWK,2
GMASLWAKVLPHVVKLIK,2
AWKETIRKYLKNEIKKKWRKAVIAW,1
ARAR,2
QRFSQPTFKLPQGRLTLSRKF,0.993800538
GEKLKKIGKKIKNFFQKL,1.397940009
VNWKKIILGKIIKVVK,1.681241237
IRVKIRVK,1.79099636
KIWFQNRRMKWKK,2.408239965
QKRIRVRLSA,1.416491172
SKSIPGRSG,1.875061263
GKKKKSVQWCA,1.592176757
LLKKLLKK,2.706268551
AAKIILNPKFRCFAAFC,2.204119983
DLYPWFN,1.514590286
AKRLKKLAKKIWKWK,0.903089987
AKRLKKLAKKIWKWL,0.903089987
CRKKKC,0.7183964557
KKLKLALAKLAPLWKALALKLKKA,0.2278867046
STLHLVLRLAGG,2
LKLKAIAALAKKKW,1.606965616
GLFKVLGSVAKHLLPHVAPVIAEKL,1.277824928
RKKKIKIIKKII,0.219244207
LKKWLKK,2.326412575
KWPWWKWRR,1.941973194
RWWRWWRRWWRR,1.204119983
KKSAGWVIPIGTLVK,2.096910013
ILAWKWAWWAWRR,0.0387789173
SAPRGCWTKSYPPKPCK,0.531478917
INWKKIFEKVSNLV,1.096910013
GLNALKKVFQGIHKAIKLINNHVQ,1.301029996
IGKKFKRIVKRIKKFLRKL,0.6020599913
GIADILKYGKPS,1.176091259
GRPNPVNNKPTPHPRPIRV,-0.6327523502
RLWLAIGRG,1.204119983
IKKIVSKIKKLLK,1.267171728
RLWLAIGRR,0.6020599913
KLKKLLKKLKKLLK,0.6669712756
GVVDILKGLAKDIAGHLASKVMNKL,2
ECYLKRFQVYYKGRMWCP,1.625102389
WKKIPKFLHLLKKF,1.230448921
FASGIAGMAGKLF,2.301029996
KQSWQRMRKLALKR,1.698970004
KRRKLIKILKLIAKLIRKKR,-1.002822909
KIAGKIAAIAGKIAKIAGKIAK,1.476844365
RGGLCYCRGRFCVCVGR,0.0210662863
GLLKRI,1.735370172
KWWVFRVVYRGIVYRRVRWK,0.8129133566
GSKKPVPIIYCNRRTKCQRM,0.1139433523
GILSSLWKKPKKIIAK,2
GIGKHVGKALKGLKGLLKGLGES,2
WKKVFKRLEKLFSKIWNWK,0.494154594
GLLKRIKKLLKKIKKLL,1.096910013
PVIGKLASKVVPSVFSMIKR,2.07445506
FLGWLFKWAKK,1.437592032
DKGRYLEAPTRPRPERNRK,1.301029996
RKKKFKIFKRLF,-0.2146014229
RWKRWWRRKK,0.7781512504
TRKRLKKIGKVLKWI,0.903089987
PWKWPWWPWRR,-0.09691001301
FFPIVGKLLFGLL,1.311625924
IKKWLSKIKKLLK,0.1931245984
AAGKWKLFKKLPKFHLHLAKKF,0.1809067307
TSFLNELNKYNEKKFI,1.497410599
KIAGKIAKIAGKIAKIAGKIAKIA,0.2262092048
KSRQWQWKIRRTWPIFSIRR,1.069115125
LNWGAIKKHIIK,2
SGGWHRLRS,1.875061263
LLPIVGNLLKALL,1.16216898
FFHHIFRGVVHVGKTIHRLVTG,1.255272505
YCKFKVKPKFKRWKLKFKGRMWCP,0
RIIDLLWRVRRPWWPKFVTVWVR,1
KKLLKWKLKLKK,2.079181246
QFPVGRVHRLLRK,0.9983931822
WGNILL,1.242693937
RVMFKWA,1.533335354
LRWLRWG,2.10720997
RAYCRRRFCVAR,2.506719495
LKWLKKLLKKL,0.15154155
RFRRLRKKKRKRLKKI,2.408239965
LLLKKFKKLQ,1.397940009
ILPLKLPLLPLRR,0.307457767
KWKWKW,2
ILGIITSLLKSL,1.19702094
ILPWKKPKKPWRR,0.7611622197
GIGDILKNLAKAAGKAALHAVGESL,1.886490725
FKFFKKFFKKWK,1.272375389
ILPKKKPKKPKRR,2
RLMAAKAESRK,2.394451681
KVISMI,1.365329368
INWLKLGKKILGAI,1.829303773
FLGALFKLASK,2.223856676
RVVRPVVQGVKEKVR,1.563362181
KWKWKWKWKW,1.096910013
FLGALFKKASK,2.21843152
FKRLKKLISWIKRKRQQ,0
RWRWRWFASASARWRWRWF,0.7641363667
KRRLALFRLFRLALKLVLKK,0.002930949987
LNWGAVLKHVVK,2
GLNALKKVFQGIHEAIKLINNHVK,1.301029996
RLPWRWPRRPWRR,2.115031994
PKAMRLLRRLLRLQKKG,1.187581227
WIVYKWPRKKVRYWTGP,1.977723605
DDDDK,1.954242509
KCRRYCYRQRCVTYCRGR,0
GVIKSVLKGVAKTVALGML,1.096910013
GFGVLAKVAAHVVPAIAEHF,1.806179974
GFMKYIGPLIPHAVKAISDLI,2.301029996
RLWVLWRR,0.5285475124
KIVKVITVKSISPASLVPVF,1.779721175
LKLKLFKKKQ,2
DSHAKRHHGYKRKF,1.655862679
CAIEHMRTPLKPFSFGPPYNL,0.4771212547
AIHDILKYGKPS,1
GKFLKKAKKFGK,2.569474343
KIAGKIAKIAGKIA,2.267810775
ILPWKWPWWKWRR,0.4115430934
WRPGRWWRPGRWWRPGRW,0.3010299957
VRRVRKWVRRVLKLV,0.5051499783
RHWRRFWH,2
RKKRVKLLKRLV,0.8133271497
RRIRPRPPRLPRPRPC,0
GVLSVIKNALPGIMRFIA,1.52757575
SLLSLIRLLIT,0.2041199827
KWCFRVCYRGICYRKCR,0.8537276823
FLGVVFKKASKVFGAVFGKV,2.08014605
KRKLIKRK,1.806179974
RRWVRRVRRWVRRVVRVVRRWVRR,0.1674774072
FIKHFIHRFSATRWRWRWF,1.368051898
RIRKKLR,2.698970004
GIGKFIHSAKKFGKLFVGEIMNS,1.278753601
WIVYKWPRKVVRYWTGKR,1.643452676
PRPRPRP,2.165185439
QPEWFKARRWQWRMKKLGA,-0.4436974992
GRRPRPRPRPWWWW,1.301029996
KSPFVLVVSSRVAAVIKSLP,2.086529175
KWKSFIKKLTSKFLHSANKF,0.4086844566
CKKKRC,0.7183964557
RWCRYAYVRVRGVLVRYRRCW,1.397940009
WKWKWKPGKWKWKW,0.6020599913
KWKKFKKIGKVLKVL,-0.6020599913
KRIVKRIKKWLR,0.3010299957
RIWVIRWR,1.397940009
VKLYPVKLYP,0.2148432409
VGALAVVVWRWRWRW,-0.2076083105
FLGGLIKIVPAMICAVTKK,1.805621743
RWRWRWK,1.568201724
RCVCTRGFCRCVCTRGFC,0.6532125138
THVFRLKKWMQKVIDRFGG,1.505149978
NPAEDLARYYSALRHYINLITRQRY,1.146128036
FLKKAKKFGKAF,2.559200679
WKKLWKPGLKKWLK,0.6020599913
PKVMAHMK,2
ILPAKWPWWPWRR,-0.3979400087
KKWWKAQKAVNSGPNALQTLAQ,1.413866037
DSHEKRHHEHRRKFHEKHHSHRGY,1.806179974
FKKALHLFKPIKKFLKWK,1.698970004
KFKKKLLKKQ,1.698970004
FIFHIIKGLFHAG,0.6198471024
GVVDILKGAAKDIAGHLLSKVMNKL,2
KLKKKKFKLQ,1.698970004
QIAALEQEIAALEQEIAALQ,2.397940009
SKVWRHWRRFWHRAHRLH,1.397940009
FDWDSVLKGVEGFVRGYF,1.045747582
WWHSWWSTW,1.962904297
GRRPRPRPRPWWWWW,1.301029996
WIAPKTKVIPYVRYL,1.89279003
RWRLLLLLKRH,1.220726276
RGGRLYRRRFVVGR,0.903089987
KRKLILIKRK,1.204119983
LLIILRRRWRKQARARSK,0.6020599913
RIKRFWPVVIR,2.00882687
SVKKFWGGVKAIFKGARKGLK,1.204119983
VTLASHLPSDFTPAVHASLDKF,1.414973348
KWKLFKKIPKFLHL,1.919078092
RVCSWIPLPICH,2.397940009
LRFLRRILRRLL,-0.5119002514
WRWNRRTGRWRWTGP,1.591064607
VFQFLGKIIHHVGNFVHGFSAVF,1.505149978
TPFKISIHLGGY,2.176347883
GSKKPVPIIYCQRRSGKCQRM,1.118484015
GFPY,2.714416769
KKFLHSAKKWLKAFVKLFKNW,0.6739524424
IGGYCSWLRL,1.505149978
RLLRKFFRKLKKSV,1.54627797
WRWKWRWK,1.972545717
FDIMGLIKKVAGAL,1.477121255
RRYHWRIYI,0.7993405495
FLGALFHALSKLL,1.431363764
GLNALKKVFQPIHKAIKKINNHVQ,1.204119983
KKWWKF,1.397940009
ILPWKWPKKPWRR,0.4458273543
RWCVYARVRGVRYRRCW,0.6020599913
RWCVYARVRGVRYRRCR,0.4955443375
KVLKAAAKAALNAVLVGANA,1.698970004
LLRRLLRRLLRRLLRR,1.361957907
GLLGPLLKIAKKVGSNLL,1.397940009
GVVVRIGRVIVRGVRR,0.6020599913
GP,0.05307844348
FLGALFKALSKLV,1.550752062
GG,0.4313637642
GVFDIIKDAGRQLVAHAMGKIAEKV,1.079105159
GPIRRPKPRPRQRPE,1.602059991
GIWSSLLKKLKKIIAK,0.1760912591
KKLKKLKKKWKKLKKKLK,1.633932936
KAKKFGKAFVKI,2.574226373
VKTKCSVPAVVYILVKTFKS,2.063706205
FKCWRWQWRWKKLGA,0.4955443375
GFCWNVCVYRNGVRVCHRRCN,0.7989512191
FAKKLAKKLKKLAKKLAK,0.5901340961
WWWW,2
RQRWLWLW,1.160640406
EEEEAAAGWGLRRLLKYGKRS,1.422419562
GVVDILKGAAKDIAAHLASKVMNKL,2
GFKEVLKADLGSLVKGIAAHVAN,2.330413773
VGRIHRHLK,1.681241237
KTLTGKTITLE,1
WIQPKTKVIAYVRYL,1.591765594
IKKIWSKIKKWLK,0.6989700043
FRRFFKWFRRPFKFF,0.84509804
VHVPPICSHRECRK,2.301029996
ILPWKWAWWAWRR,1.397940009
GIKDWIKGAAKKLIKTVASHIANQ,1.113943352
KKWRKLLKKLKKLL,0.04014685431
KKAAAAAAAAAAAAWAAAAAAKKKK,0.3010299957
KKKLLKKKFQ,1.698970004
STVKVASKLAVVVSPISKGS,2.116579219
RRFWHR,2
AANCLSLGKA,1.477121255
LCAIAKKKGKCKGPLKLVCKC,2
IIPLPLGYFAKKKKKKDPVPLDQ,1.578855434
LVKRFKKFFRKLKKSVKK,1.442767138
RRYYRF,2
KKKALFALWLAFLAKKK,0.903089987
VNWKKILG,2
GNNRPVYIAQPRPPHPRL,1.778351969
FLKALFKALKKLL,0.8936402527
RKWVWWRNR,1.954956311
GLMSSIGKALGGLIVDVLKPKTPAS,1.309281238
KWFKRLEKLFSKI,1.397940009
AFGMALKLLKKVL,0.7558748557
KIAKKIAKIAKKIA,2.225257535
GFIATLCTKVLDFGIDKLIQLIEDK,2
AHCLAIGRK,1.713014884
IKWKRWWWR,1.947423729
WRRRYRRWRRRRRWRRRPRR,0.1931245984
AHCLAIGRR,1.807837273
AKKVFKRLEKLFSKIFNFK,0.7958800173
GLLKRIKALL,0.8521448945
TKPKGTKPKGTKPKGTKPKG,2.477121255
GNNRPVYIPQPRPPHPAL,1.790849689
GLLSVLGSVAKHVLAHVVAVIAEHL,1.596361398
KWIRWVRWI,0.6020599913
ILGKLWEGLKSLF,1.822802555
FWGFLGKLAMKAVPSLIGGNKK,1.397940009
APKAMRLLRRLLRRLLR,0.8751872814
LFGFLIKLIPSLFGALSNIGRNRNQ,1.253477923
PPYNLNSHTQEYSKPEDTFD,0.6020599913
FLGALWKVASK,2.214857379
GFIFHIIKGLFHAGK,1.171334407
RLCRIVPVIRVCR,0.4025722452
GLWQKIKDKASELVSGIVEGVK,-0.7753862898
INWLRLGRRILGAL,2
AAHCIVLHHN,1.477121255
KRKKLLKRLI,0.8874934296
LLGDFFRKVKEKIGKEFKRIVQR,-0.4559319556
RRIRPRPPRLPRPRPRP,-0.05060999336
IWRIFRRIFRIF,0.6020599913
RRIRPRPPRLPRPRPRC,-0.3010299957
FSIARLLKWWKG,1.144735173
ILPWKWPWLPYRR,0.5379183316
KRRKAIKILKLIAKAIRKKR,-0.9880491867
CVHGMTNTARTACIAP,1.783589905
AAHCIALRKGYK,1.176091259
FKRIVQRIKDFLRGIGKFLHSAKKF,1.313912854
LVKRFKKFFRKLKKS,1.816404246
AIFIFIRWLLKLGHHGRAPP,2.10720997
RRRRRRRWWWRRRRRRRR,1.72427587
RRIRPRPPRLPRPRPRPL,2.10720997
KKLFKKILKQL,1.726727209
VRRFPAAAPFLRR,1.61393086
GWMSKIASGIGTFLSGMQQ,0.4771212547
WKSYVRRWRS,2
AQAAKQAAKAAKQF,1.941076523
IKAQGLPQE,3.096910013
FRFRCRRRFCRFRF,0.3010299957
KFVRLKIYCRDKNKGRGISF,1.420770518
LILIKRK,1.806179974
FLGALFKALSHLL,1.361727836
ALWKNMLKGI,0.84509804
FLPLAGRVLSGAL,2.224014811
KRGKQGGKVRAKAKTRSS,0.9155885574
RWKRWWRLL,1.359118243
TAEDLARYYSALRHYINLITRQRY,0.1760912591
GSKKPVPIIYCQRRTGKCQRM,0.212900448
GIRDVLKGAAKAFVKTVAGHIAN,0.6020599913
GLNALKKVFQGIHEAIKLINKHVQ,1.301029996
KNLRRIIRKGIHIIKKYG,2
GLLKFIKWLL,0.8692317197
FWRIRKWR,1.409110851
KLKKKLKKFQ,1.096910013
SGSLSTFFRLFNRSFTQALGK,1.77815125
PRPWPRP,2.150533846
VFHLLGKIIHHVGNFVYGFSHVF,0.6020599913
LKWLKKWLK,1.808759651
YSLQM,1
IKKILSKIKKLWK,1
KKLKLAPAKLALLWKALALKLKKA,0.4742162641
KKLFKKILKYLGIGKFLHSAK,0.6989700043
RRWWRWWR,0.556706433
ILPWAWPWWPWRR,-0.09691001301
FLPVIAGIAANVLPKLFCKLTKRC,1.096910013
RALHEAKEALK,2.295690969
LYRRRFVVGR,2.301029996
FVDLKKIANIINSIF,1.158362492
GIHDILKYGAPS,1.698970004
KWKLFKKIGKVLKKL,-0.6020599913
VRLRIRVAVIRA,0.9263489369
VRLRIRVAVIRK,0.6082200473
FLYIVAKLLSGLL,0.9940530636
LLLKKFKKKQ,2
VTCDILSVEAKGVKL,1.802752422
GIGKFLHSAKKFGKAFVGEAMNS,1.204119983
RKLILKRKRILIKR,0.903089987
GIHDILKYGKKS,1.301029996
WRRWWRWWRRWWRR,-0.3010299957
CGGYSGGWKRKRSTSYRCG,0.9542425094
GLLARIKTLL,1.406795292
FLPGLECVW,2.274387007
GLLNGLALRLGKRALKKIIKRLCR,1.266895721
VQWRIRIAVIRA,0.4315629697
VQWRIRIAVIRK,1.017192874
GIWKTIKSMGKVFAGAILQNL,0.7958800173
KL,1.489211773
ILGPVLGLVSNALGGLL,1.794265628
LRVRLASHLRKLRKRLL,1.698970004
NVWKKILGKIIKVAK,1.294466226
INWKKIFQKVKNLV,0.903089987
GWGKFFKKFFKFGK,0.9605587135
FLKVVFKLASKVFPAVFGKV,0.2547749693
MQFITDLIKKAVDFFKGLFGNK,0.5998830721
AAHCIQLGKR,1.477121255
RWCFRVCYRGICYRKCR,-0.1516681337
GKAMSLLKHILK,2
AKLWLKAAKLWLKA,1.204119983
ILLKKLLKKI,2.014250247
GVVDILKGAAKDIAGHLAAKVMNKL,2
FRFKFRFK,1.72568454
GLFAVIKKVASVIKKL,1.16388204
ADADDDDDK,3.176091259
GLFKKLRRKIKKGFKKIFKRL,1.202738594
KKAAAAFAAFAAWFAAFAAAAKKKK,0.903089987
LKLFKKILKYL,1.465382851
WRKAWRPGAKRWAK,2.10720997
QTRRLTYKPRTVTYTRGR,1.010299957
VKRWKKWWRKLKKSV,0.9598626117
YCLLSRSPYLKKLEVHYRAELKCP,1.204119983
IIGAIAAALPHVINAIKNTF,1.204119983
RNSVRNRVMLWRTKR,1.812230829
FLAKAVAKAAAKALAKAL,1.913813852
FFRRFFRRFFRR,1.832523796
FPISTLLKWWKG,1.927890158
GLFDIVKKVVGAVGSL,1.902567248
KKKAAFAAWAAFAAKKK,1.505149978
FLGKVFKLASKVFPAVFKKV,1.754292514
GLFAVIKHVASVIGGL,1.785329835
LLKWLLKWLKK,0.8330041326
QWGRRCCGWGPGRRYCRRWC,0.7987815468
KRKKLLKRLL,0.5864634339
KKKLFKKL,1.079181246
LNWGAFLKHFFK,1.884795364
FWGALAKGALKLIGSLFSSFSKKD,1.271872761
KKLALAPKKLALLWKKLALALKKA,0.648360011
LKLKLKLQ,1.875061263
KWKLFKKIGIGKFL,0.7958800173
RRPRPRPRPFFFF,1.602059991
FLKLLKKLAAKLF,1.058983518
KLKKKFKLLQ,1.397940009
GVVVRWGRVVVRGVRR,0.6020599913
LNWGAILKKIIK,1.636487896
GLPALSSWIKRKRQQ,0.9168530566
NKWKKILGKIIKVVK,1.568201724
RLARIVVIRVAR,0.1693869856
GKYGFYTHVFRLKKWMQKVIDRFGG,0.903089987
LSPAAMASLA,2.301029996
LKKKKKKFLQ,1.698970004
GVVDILAGAAKDIAGHLASKVMNKL,2
RWCVYRYVRVRGVLVRYRRCW,1.698970004
HHGYKRKFHEKH,1.69794319
ALAHFLKKAIKK,1.864001501
VGALAVVVWLWLWLW,-0.7958800173
LKWLLKWLL,0.3142340132
RRWWCD,2.734693022
GMASKAGAIAGKIAKVAWKALGGS,1.096910013
KQIKIWFQNKKMKWKK,2.408239965
RWCVYAYSRVRGVLVRYRRCW,0.4955443375
KLLKKFKLKQ,2
HG,0.5611013836
GIHDILAYGKPS,1.176091259
WKSYVRRWR,1.806179974
ILKKLLKKVKKI,1.096910013
KKVVFWVKFK,1.07629943
INLKAIAAMAKKLL,0.30162962
CVRVRPGRVRVC,1.359104342
KWRRWIRWW,0.9287833702
FLGVVFKKASKVFKAVFGKV,2.065872503
WKRWWKKWR,-0.1642764608
FLGVVFKSASKVFPAVFGKV,2.080356475
VNWKKVLAKIIKVAK,0.8573324964
CGGWKRLRC,1.113943352
GMWPKILGHLIR,1.875061263
TSKYR,0
LNWGAILKHKIK,2
SRWPSPGRPRPFPGRPKPIFRPR,0.4913616938
ILPWKAPWWPWRR,-0.09691001301
WKTLLKKVLKAAA,0.9542425094
HKVVFKVKFH,0.9380846162
GLLKRIKT,1.394098624
KRKILILIKRKR,0.3010299957
ILILIKRK,1.806179974
RIKRFWPVVIRTVVAGYNLYR,0.5558122208
FLGALFKVVSKLL,1.445266686
AGFAKLLAKLAKKLL,0.7030527196
GFFALIPKIIS,2
ALYLAIRKR,1.434403704
FFHHIFRAIVHVAKTIHRLVTG,0.3010299957
VGKTWIKVIRGIGKSKIKWQ,1.049218023
KKFGGGKTERARKAMAVE,1.502673041
FMGTALKIAANVLPAAFCKIFKKC,1.096910013
RLLRLLRRLLRLLR,0.3979400087
PTTKTYFPHF,0.9542425094
FFHHIFRAIVHVPKTIHRLVTG,0.3010299957
WFKKIPKFLHLAKKF,1.505149978
GVAKFGKAAAHFGKGWIKEMLNS,1.880813592
FQWQRNPRKVR,3
ILGPVLGLVGDTLGDLL,1.778591083
AIGSILGRLAKGLPTLISWIKNR,1.096910013
SCSYSVKPDIQGFELYFIGSVTCP,1.806179974
FALKALKKLKKALKKAL,0.621489724
GIMSSLMKKLAKIIKK,0.4623979979
LRIIKKILKKLI,-0.4709962316
ILPKKWPKLPWRR,0.5608210136
FKFFKKFFKKW,1.306230278
RRLMAAKAESRK,2.56937391
KWKKLLKKLLKLLKKLL,0.6020599913
DVIKKVASVIG,2.957851505
DAAVEPELYHWGKVWLPN,1.973803393
WLRRIKAWLRRIKA,0.6020599913
GLARALTRLLRQLTRQLTRA,1.204119983
IKQLLHFFQRFGGGRWRWRWF,0.1514599393
VYWKKILGKIIKVVK,1.477121255
WPSPGRPRPFPGRPKPIFRPR,1.096910013
LLKWLKKL,2.283423891
RRRKWWK,2.350533977
KRKKRK,1.204119983
LLKWLKK,2.032351464
KKIGAIKKWGAIKKIGAI,2.124162541
GIWKTIKSMGKVFAGAIKQNL,0.4771212547
KFLGTLVNLAKKIL,2.10720997
GLFDVIKKVASVIKKL,1.453902815
ILKKLLEGVKSI,1.397940009
LLAAHLLAIGRR,1.691035955
IIGPVLGLIGKALGGLL,2.203304916
KKLKLFLKKQ,2
KHVGKAALTHYL,0.669563855
TWLKKARWKKAKPP,-1.762961001
LRWWWIKRI,0.2477397412
KWWFWK,1.477121255
RWRYRW,1.893568811
RLWKRWWIR,1.961178234
FLKGIVGMLGKLL,0.7781512504
RPAWRKAAFRVMRACV,0.3191340013
VLNENALR,3.096910013
FLKGIVGMLGKLF,0.4771212547
LRFAKKALKKLF,0.2327353438
FWFHWK,2
APKAMRLLRRLLRLQKKGI,-0.3544672756
GLWEKIKEKASELVSGIVEGVK,1.619828534
GRRPRPRPRPFFFF,1.903089987
KKLLKKLKKLLK,1
RGRGRGRGRG,1.964890477
IKKVASVIGGL,2.975129472
GVVDILKGAAKDIAGHLASKVANKL,2
VKRAGKGVAVVPSPLFKIVV,2.093412667
FLGALFKAVSKLL,1.408084558
TWLKKRRWKKVKPP,1.538705308
LNWGALLKHLLK,1.602059991
ILPLKWPWWPWRR,0.2320936233
WIQAKTKVIAYVRYL,1.29072448
KFKQ,1.875061263
GIGKFLKSKGKFGKA,2.282357231
KFHHIFRGIVHVGKTIHRLVTG,0.3010299957
YKLLKLLLPKLKGLLIKL,0.8223001808
KTCENLADTY,0.8864907252
FLKGIVGKLGKLF,1.397940009
RIWFQNRRMRWRR,1.505149978
GLTFLKKILNFAKKIYTAIW,1.130603562
KILRGVSKKIMRRILTGKK,-0.04646252274
ILGAVWNGVKSLF,1.852736065
RLLRLLRLRRLLRL,0.6532125138
CRRLCYKQRCVTYC,0.709269961
RKWWRWIKW,0.09691001301
LLPKLKGLLFKL,1.913283902
FRKSKEKIGKEFKRI,3.102769911
FIKHFIHRFGGGRWRWRWF,1.38257975
LKKLLKWLLKLLK,2.086930939
YSKSLPLSVLNP,0.4822996433
GLLKVIKVLL,1.106531036
GFSPNLPGKGLRIS,1.840835588
GLLKAIKTLL,0.9708675364
CKYKWR,2.054004082
WKIVFWWRR,0.4313637642
WRPGRWWRPGRWWRPGRWWRPGRW,0.6020599913
KNWKAILKHIIK,1.812913357
GFKEVLKAGLGSLVKGIPAHVAN,2.63748973
KKIMRTFLRRISKKILTGKK,0.5146157083
VLNENLAA,3.397940009
RPKPRPRPRPE,2
GIFSKLAGKKLKNLLISG,0.903089987
VCRTGRSRWRDVCRNFMRRYQSR,2
VLNENLAR,3.096910013
FLPIIAKLLGGLL,1.341111261
FKVVISKPGLSVRVGTALVT,1.790923921
GRFRRLRKKTRKRLKKIGKVLKKI,2.10720997
KIAGKIAKIAGKIAK,2.229285625
AGLQFPVGRVHRLLRK,0.335541957
GFKRIVQAIKDFLRNLV,1.176091259
RKKKFKFFKRFF,-0.8343233294
ALGKLASKVFPAVYCTISRK,1.774246371
CKKLLKLLKKLCKLAG,0.6989700043
LLGMIPLAISAISSLSKL,1.544375848
DPAEDLARYYSALRHYINLITRQRY,1.602059991
KKLLKFKKLQ,1.494154594
RIVQRIKKWLLKWKKLGY,0.8317713267
RPRCWIKIKFRCKSLKF,1.229684155
GLLKWIKTLL,1.45331834
LILKRKRKRKRILI,1.806179974
KWWCFRVCYRGICYRRCRWK,2
KWKKLLKKLLPLLKKLLK,0.3010299957
FLKGIKGMLGKLF,1.397940009
GAVDILKGAAKDIAGHLASKVMNKL,2
IDGLKAIWKKVADLLKNT,1.860338007
FLKGIKGMLGKLL,1.397940009
FFSLLPSLIGGLVSAIK,1.753959738
GIHAILKYGKPS,1.698970004
GWKKFFKKWKKVWK,1.220858918
LRILRRLLRRLF,0.4880997486
AARCLSQRRK,1.477121255
AIHKLAHKLLKKTLRAVKKLAN,0.9294189257
GILSSWLKKLKKIIAK,0.3010299957
KLLLKLLK,2
RSGGYCNGKRVCVCR,1.479400566
FPVTWRWWKWWKG,0.93386743
RKDVYRRRRRR,1.888232466
KKLALALAKKWLALAKKLALALAKK,0.2624510897
RIKRFWPVVIRTVVAGYNL,1.941621565
CGNFLKRTCICVKK,0.3010299957
GFKRIVQRIADFLRNLV,0.8750612634
FLGGLIKPVPAMICAVRKKC,2.06656238
HKHWLWLW,0.9980460597
VKKVYPLKVKLYP,-0.4983076585
GGVWNLNVNPGTTGARVWARTK,2.103803721
RRWCFRVCYKGRCRYKCR,-0.9894423598
IGKLVKWIIKTVNKFTKK,0.5682017241
LCYCRRRFCVCVGR,0.5602544903
WIQPKTKVIPFFFFF,2.795880017
FLPIVAKLLSGLL,1.521530341
KWFFKH,1.176091259
KKLLFKLKFK,0.08162779023
VALNENLLR,3.397940009
SSSKEENRIIPGGI,2.089905111
RGGRLCYCRGWICFCVGR,0.2207049605
GRFRRLRKKTRKRLKKIGKVLKWI,0
KKKIIIIIIKKK,-0.3010299957
GLFGVLAKVAAHVVPAIAEHF,1.668262653
ILGKLLSTAAGLLKNL,2.10720997
WLRRIKAWLRR,1.204119983
GSQLVYREWVGHSNVIKP,-0.7247634889
KLKAGLAKWKAGLAKLKAGLA,2.078502859
RRRRRWFWFW,0.6989700043
GLGKFLHSAKRFGKAFVGEAMNS,1.875061263
RGGRLCYCRPRFCVCVGR,-0.1184199718
FHAGAM,2.198780544
FHYFWHWFHRF,1.863937497
WWRLRRIW,1.096910013
GIWKSLFTKLLKG,0.8265718474
FAKGIAGMAGKLF,2.301029996
RWRRLLKKLHHLLH,0.6228912667
QKKARVRLSA,1.743078576
KRKILIL,1.806179974
FIRSLFFF,2
FLGVVFKKASKVFPAVFGKV,2.072047855
FKRLEKLFSKIWNWK,2
GMASKAGAIAGKIAKVALKAL,0.9294189257
KEFKRIVQRIKDFLRNLV,-0.04002985371
LCYTRPRFTVCV,0.9761924315
FLGALFKVASKVLPSVKCAITKKC,1.857290318
VYQHQKAMKPWIQPKTKVIPYVRYL,2.494850022
IGKFLKKAKKFG,2.574226373
RWRWWWRVY,0.5185139399
KISKKIMRTFLRRILTGKK,0.2369600309
WKLFKKILKVL,2
KLGHHGRAPP,2.10720997
KRKILILIK,0.903089987
FFHHIFRGIVHVGKTAHRLVTG,1.255272505
SNDIYFNFQR,0.5563025008
KKLFKKILKYLAGPAGIGKFLHSAK,0.6989700043
LRPHPPRPQPIYVPRNNG,1.772955358
RPPQFTRAQWFAIQHISLN,1
RRIRPRPR,2.10720997
GWGSFFKKAAHVGKHVGKAALT,1
FKKLKKLFKKILKLK,1.505149978
FLGAVFKALSKLL,1.328903312
SSMKLSFRARAYGFRGPGLQL,2
FLGVVFKLASKVFPAVFGKV,0.2688851684
VKRWKKFWRKWKKWW,0.9156811962
LLPIVGNLLKSLLGWKRKRFG,0.903089987
RRRREELKQSWQRMRKLALKR,1.698970004
LNWGAGLKHGGK,2
FFHHIWRGIVHVGKTIHRLVTG,0.6020599913
KRIVQRIKDWLR,0.3010299957
GLLWHLLHHLLH,0.4292296696
VQLRCRVCVIRK,1.638016177
WRCRRRFCRW,1.204119983
FLGKVFKKASKVFPAVVGKV,1.774839851
KRFKKFFKKLKNSVKKRAKKFFKK,0.6862916705
WKKAWKPGAKKWAK,2.10720997
VKKLVYPLKVKLYP,0.948680972
AKKVFKRLEKLFS,2
RRRFPWVCWPFLRRR,2.069242691
LRKLRKRLVRLASHLRKLRKRLL,0.4371585607
DANVENGEDAEDLTDKFIGLMG,1.929321034
KWLFFK,0.8750612634
FFHHIFRGIVHKGKTIHRLVTG,0.4771212547
AIGSILGRLAKGLPTLKSWIKNR,1.397940009
ALYKTMLKKLGTMAL,1.653212514
KWKLFKKIPHLAKKF,2
APRKQLKW,0.8918429954
VKRFKKFFRKLKKS,1.842319503
GLLGGLLGPLLGGGGGGGGGLL,0.903089987
FLGGLIKRPPAMICAVRKKC,2.055160287
WRVWVRVKR,0.4933064422
IRIRCRRRFCRIRI,0.6020599913
FPVTWRTKWWKG,0.4913616938
FLPIVAGLAANFLPKIVCKITKKC,1.278753601
GFLSILKKVL,1.037426498
KWKLKPLLKKLLKKL,0.4913616938
IDGLKAIVKKVADLLKNT,1.84509804
YGRKKRRQRRR,2.477121255
WIVYKWRRKVVRYWTGKR,1.602059991
RKKRLRVVRRLV,0.8016188051
RFRRLRKKFRKRLKKI,2.408239965
RRIRPRPPRLPRPRPRPLPFPRPG,-0.3467874862
GVVPVVSVVGKVV,2
LQFPVGRVHRLLRK,0.9688217981
KRRWPWWPWRLI,0.3516082964
KKLFKKGLKFL,2.568717151
RNPRPVYIPQPRPPHPRL,0.7958800173
FLPVVAGLAAKVLPSIICAVTKKC,1.653212514
INWKKIASIGKEV,2
EWEPVQNGGSSYYMVPRIWA,1
VDKPPYLPRPTPPRRIYNNR,1.417047447
LWFHWK,1
KWKSFIKKKTSKFLHSAKKF,1.306626046
RWWLRRIW,1.096910013
GRCRDDFRCWCTKRC,1.380211242
TLVGVVAKLVATKIGSSPRA,2.114356945
KWKLFKKIGAVLKKL,-0.6020599913
FLKVVFKKASKVFPAVFGKV,1.757003793
RWWRWWRRWWW,1.66984781
RRLFRRILRRL,2.170848204
KLLLKFKKKQ,2
FPLTCPTKWWKG,2.232475029
KLWWMIRRW,0.7648820859
SCRYSQRPSFYRWELYFNGRMWCP,1.806179974
NVLLWR,1.602081869
GLRKRLRKPRNKPKEKLKKI,1.806179974
RKKKVKLLKRLV,0.8213156529
FAGAAFKALSKLL,2.476051874
KWASLWNWFNITNWLWYIK,1.590074701
WKKIWSKIKKLLK,0.4955443375
LSPAVMASLA,2.301029996
RWCVYAYVRVRGVRVRYRRCW,0.7958800173
GWKKFFKKAKKVGK,2.483937311
VFSVKGGKPSVVIKVVVAST,2.106903444
GFLSILKKVLAKVMAHMK,0.6720978579
IKKILSKIKKWLK,0.6989700043
SVPSVGAVLFFKRAAVMKLI,2.079118658
LLKLLKKLLKKLLKL,0.6989700043
KAAAKWAAKAAK,2
LNWGAWLKHWWK,2
LRRLWLRANRLLRRLWLRANRL,0.6020599913
KRKILIKRK,1.806179974
FSFLSRIF,2
KLK,2
RGGRLCYCRRRFCVCR,-0.02323930819
FKRLEKLF,2
RGGRLCYCRRRFCVCV,-0.468521083
SRSELIVHQRMK,2.236882658
TLLKKVLKAAA,0.4771212547
APRKNLKW,1.49987987
GRRPRPRPRPWWW,1.903089987
NLRRIIRKIIHIIKKY,0.381406479
FLSMIPHIAGGIASLVKNL,2.412296904
LLQWLSKLLGRLL,1.079181246
WIRYKWPRKKVRYWTGP,1.653212514
ATHCLFLKKR,1.477121255
RWLLKLGHHGR,1.806179974
FLPAIGRVLSGIL,1.301029996
KLKKLLKKLLKL,2.231807608
DEDLDE,1.133911773
KLKKLLKKLLKK,2.528412189
WWVAARAARR,1.301029996
GMWKKILGHLIR,1.176091259
SKVWRHW,2
FRRFFKWFRRFFKFF,0.4983105538
KHLWLW,1.054500937
KWKSFIKKLASKFLHSAKKF,0.7125651128
AIHNLAHKLLKKLTRAVKKLAN,0.6812412374
GFMKYIGPLIPHKVKAISDLI,2.301029996
KLLGPLLKIAAKVGSNLL,1.096910013
GKWKKILGHLIR,1.477121255
GVLDILKGAAKDLAGHVATKVI,0.5563025008
LLGDFFRKSKEKIGKEFKRIVQR,0.4771212547
RKSYKCLHKRCR,1.733036683
KKFGKAFVKILK,2.260007667
LRFLKKALKKLF,-0.7795809372
AWKKTIRQYLKNEIKKKWRKAVIAW,0.903089987
GLLGKLLKIAAKVGKKLL,0.4771212547
RKKKLKFFKRLF,0.1833385858
FLGSVFKLASKVFPAVFGKV,1.47544267
ILKKLLKKVKSI,1.096910013
KKYLLPIVGNLLKSLL,0.5868713045
RFCFKGTPCG,1.651567243
KKLFKKALKFL,1.65974529
KKKKPLFGLFFGLF,0.4762300507
CKLLKTFLSKWIC,1.198455445
GNNRPVYIPQPRPPHPL,1.8166807
GFLSILKKVLGKVMAHMK,0.6334684556
FLSTLLNVASNVVPTLICKITKKC,0.6532125138
VDDDDK,3.477121255
GNNRPVYIPQPRPPHPR,-1.299997407
RIIRKIIHIIK,1.154029223
FAKLLAKALKKLL,0.438630248
KKLGEPSCNKLK,1.570369469
KWKKKKKKPKFL,0.7958800173
RRRRWWWW,1.194196163
RWCVYAYVRVRGVLSRYRRCW,0.7958800173
GEKLKKIGQKIKNFFQKL,2
KLFAVIKKVAAVIGGL,1.78859491
WLPLIGRVLSGIL,1.398911441
STLHLVLRARGG,1.698970004
VLNNLLR,3.096910013
KPV,2
LKKLKFLKKQ,1.397940009
FAKKLAKLAKKLAKLAL,0.3336223454
KPA,0.5025441234
LLLGAATG,1.938176525
KPL,1.050048701
VDKPPYLPRPKPPRRIYNNR,0.8102151741
FEVLPNFKHIQVKVFNHGEHIHHH,1.113943352
LLKKKFKKLQ,1.609594409
VRRFAWWWAFLRR,0.4317560693
GFLDIVKGVGKVALGAVSKLF,0.5770492393
KRKIKRK,1.806179974
LYKKIIKKLLES,1.865103975
KKVVFKFKFK,0.3806590631
KLALKLALKAWKLALKAA,0.7160033436
CLGVGSCNNFAGCGYAIVCFW,1.579718429
AAKCLVQRRR,1.477121255
THIHMNARLLIRSPFTDPQL,2.035192598
KAAK,1.477278637
KWKSFKKKLTSKFLHSAKKF,0.7045660542
CWTKSIPPRPC,2.89023475
VKLLVYPLKVKLYP,1.077499686
KRLFKKLKFSLRKY,2.033423755
VKLKKYPKLKVKLYP,0.03494872831
GLFGVLAKVAAHVVPAIAKHF,0.6020599913
KWCVYAYVKVKGVLVKYKKCW,1.091478775
SMLSVLKNLKKVGLGFVACKINKQC,2.301029996
RKKWAW,0.903089987
ELLKAVRLIK,0.6989700043
KKWKIVVIKWKK,0.4022921748
PYPY,2.870800012
FHFHLHFPSGSPFIKHFIHRF,2.278021023
RSTEDIIKSISGGGFLNAMNA,1.467439569
GLFEVIKKVASVIGGL,1.486787675
ILGKLLSTWAGLLSNL,1.322219295
MWSKILGHLIR,1.653212514
RRRRRR,2.116847754
FLSLIPHAIKAVGVHAKHF,2.390060746
FLSMIPHIVSGVAALAKHL,0.7958800173
RWRRWWRHFHHFFH,0.5623551706
EE,1.397940009
GTAWRWHYRARS,1.91780585
GLFDVIK,3.112152958
FLGALFKVASKVLPSVFCAITKKC,1.589865188
GFWGKLLEGVKKAI,1.176091259
WGLRRLLKYGKRS,0.9911463509
TVVANA,2.04754085
RRWYRWAWRMR,0.6387707936
STIGKLPKWIIKTVNKFTKK,0.4471580313
LKLLKFKKKQ,2
FLPFLLSALPKVFCFFSKKC,1.505149978
GIGKFLHSAKKFGKAAVGEIMNS,1.204119983
GMWKKILGKLIR,1.602059991
KKLFKKILKYLKFLHSAKKDEL,0.3979400087
AKRYYGYKRKFY,0.1823290377
IKWAGKWWKLFK,-0.2016571861
KPT,0.4629284085
RRRWWW,0.9542425094
SAVGRHLRRFGLRKHRKH,2
INWKKIASIGKEVLKA,1.875061263
KRLFKKLLFSLRKY,0.3010299957
RFRRLRKKWRKRLKKI,0.6020599913
SAVWRRWRRFWLRKRRKR,1.096910013
GIWTCRKKRA,1.720363422
FKDLKKIANIINSIFKK,2.951677437
WGRAFRRLVRRLARGLRR,0.8432327781
GWGSFFKKAAAVGKAVGKAALTAYL,0.8039371548
VNWKKVLGKVVKVVK,2
GLQFPVGRVHRLLRK,0.3525828941
FLGKVFKLASKVFKAVFGKV,0.2569320253
TWAKKRRWKKAKPP,-1.25070247
GVGKFLHSAKKFGQALASEIMKS,2
ALFKTMLKKLGTMAL,1.662757832
CKYLLRWR,1.643056704
RTHGLLKRIKTLL,0.6020599913
GGHGGHGGHGGHGGHGGH,0.214537277
SKVGRHLRRFGHRAHRKL,2
SLSRFLRFLKIVYRRAF,1.096910013
GRFRRLRKKTRKRLKKIGKVLKLI,0.3010299957
ALWKTLLKKV,1.698970004
LPAVFKLASKVFPAVYCKAS,1.776877238
AAHHIARPIVHVGKTIHRLVTG,1.806179974
AKKVFKRLGIGAVLKVLKKG,0.1931245984
KLLLKWLLKLLK,2
YCVYSVKPTFQRWQLYFIGSMWCP,1.806179974
VRRFPFFFPFLRR,0.5264774849
GSGILILIKRK,1.806179974
SIKILKIYFIQGKRHWSF,1.150137189
ALWKTMLKKLGTMA,1.451786436
AWKEKIRKKLKNEIKKKWRKAVIAW,0.903089987
RLKLLLRL,2.09676287
NWRKLYRRK,1.937016107
ILPWKWRWWKWRR,0.7558748557
KWLNALLHHGLNCAKGVLA,0.5895492848
KLLLKLKLKLLKGWKRKRFG,1.698970004
GLFDVIKKVASVIGLASP,1.741321373
EEEEWWW,2.088444507
FLSLIPKLVKKIIKAFK,0.2552725051
GIHDILKAGKPS,1.698970004
VIHGLLKRIKTLL,-0.3010299957
FKKLKKLFSKLWNWK,0
GSKKPVPIIYCQRRTAKCQRM,1.11351109
RWLKKRRWKYYVPP,-0.2958692418
AGYLLGKINLKPLAALAKKIL,0.5589393937
GCRRFKKFKKWRYRGRFWFWCFG,1.308318478
LLKWLKKWLKK,1.73167745
LFRKQLKW,0.2524430501
YQEPVLGPVRGPFPI,-0.6203785985
GKPRPYPPRPPPHPRPIRV,-0.5228787453
RWFKIQMQIRRWKNKK,1.806179974
GLLSFLPKVIGVIGHLIHPPS,2
KNWGKILKHIIK,1.501059262
RLLKRFKHLFK,1.322871166
GRPNPVPNPRPPHPRL,0.6020599913
FILGKLWKGVKSIF,1.485178476
IKHRGLPQE,3.096910013
GLLGPLLKIAAKVGSNLL,2.301029996
LNLKGLIKKVASLLN,1.477121255
WWSYWWTQW,1.942015054
RLRRIVVIRVFR,0.6020599913
RRRWWWFPSGSPRRRWWWF,1.059207686
FAKWAFKWAKK,1.549533614
RKLRRLKRKIAHKVKKY,2
KLPLLPWLPLK,1.806179974
RRIRPRPPRLPRPRPRPLPYPRP,0
GLFKGKKKNKKTK,2.397940009
WLLKKLLKKW,1.663698899
GKPRPYSPKPTSHPRPIRV,0.5440680444
FKRIVQRIKDFLR,0.903089987
FLKGIVGMLGKLW,0.7781512504
DIGKYCGYAHALN,2
GRRPRPRPRP,2.204119983
KIGAKIKIGAKIKIGAKI,2
AVVDILKGAAKDIAGHLASKVMNKL,2
INFLKLGKKILGAL,2
LLIILKKKWKKQAKAKSK,0.6020599913
FFGKVLKLIRKIF,0.4913616938
KWKRWWWFR,1.636286773
PS,2.199352074
KKVVFKVKFKKK,0.3174420364
GLLKRIKFLL,0.8237065877
FLPAIAGILSQLF,1.698970004
VWRRWRRFWRR,0.4955443375
IHQGLPQE,3.397940009
GLFDIWKWWRWRR,0.6127077256
KRK,0.9680408361
GVVVRVGRVVVRWVRR,0.6020599913
FIFHIIKGLFHAGKMIHGLVTRRRH,0.09691001301
IPWGKVKDFLVGGMKAV,0.9542425094
RRRWWWFGGGRRRWWWF,0.7996471197
KWKLFLGILAVLKVL,1.264288175
CVRVRVRPGRVRVRVCW,0.8826090205
KKLKLALAKLALLWKALALKLKKA,0.348304863
KKRWVWIRY,-0.04617407226
LLPALISWIKRKRQQ,-0.2258396055
KKRK,1.155897402
GIGKLFLHAAKKFAKAFVAEKMNS,0.9817784377
KILRGVSKKIMRRISKDILTGKK,0.4766881589
LIKRK,1.806179974
FLPIIASLLGKLL,1.456619212
LKLKSIVSWAKAVL,0.7958800173
YWKKWKKLRRIFMLV,0.5817727896
EPAEDLARYYSALRHYINLITRQRY,0.7781512504
WALRLYLVY,2
CGGYSSSGSGSGSTSYRCG,1.875061263
VLHTGYRKFLHRSKRFFHLR,1.692395085
INLKILARLAKKIL,0.7958800173
KVKYFKRWLR,1.351716516
RWTWRGSGRWTWR,1.079181246
GIHHILKYGKPS,1.505149978
KKAAHVGKHVGKAAKK,1.716003344
IASKVANTVQKLKRKAKNAVA,1.698970004
GVVDILKGAAKAIAGHLASKVMNKL,1.698970004
WWKDWWERW,2.529406009
LGVVGSLASKVVPAVISKVK,2.117894444
GRFRRLRKKTRKRLKKIGKVLKAI,2.10720997
WWKWWKRLRRLFLLV,0.8643324063
KLLKKFLKKQ,1.397940009
LLSNVAGLLKQFAK,1.629564606
WLNAKRHHGYKRKFH,0.3057749092
SMLAVLKNLGKVGLGFVACKINKQC,2
KKLLKWLKKLL,0.6498521037
NWRKILGQIASVGAGLLGSLLAGYE,1.286176732
KVVKQWPIGKVVKKVVKKVVK,-0.08244514143
GLLDALSGILGL,1.34051835
VKQLLKIFNRF,1.357248436
TLRGDERILSILRHQNLLKE,2
LRFLKKILKKLF,-0.1894975566
TRKKWFW,1.505149978
ILGKLWEGVKSI,1.397940009
KLWLLWLKWLL,1.505149978
RGGRLTYTRPRFTVTVGR,1.378118801
ALPWKWPWWPWRR,-0.3979400087
KWICRRLWYRGRWITYCRWR,0.9344984512
WIQAKTKVIPYVRYL,1.591765594
GLFDIIKKIAESF,0.3979400087
FLPIVAKLLSGLLGRKKRRQRRR,0.5419534745
CWFWKWWRRRRR,0.9395192526
FRRFRKWFRRFLKLF,1.397940009
KVYLPRYKVYSTAAGRYQLL,2.176091259
KVGKGSYPCSFVKVVAKVSV,2.089653287
FIGALLRPALKLLA,1.698970004
GILGKLWKGVKSIF,1.509786219
KWKSFIKKLTLKFLHSKKKF,1.29479452
VRWRIRVAVIRA,0.6035588641
CVHWQTNTARTSCIGP,1.491411571
LRRLWLRANRL,2.10720997
ENMFNIKSSVESDSFWG,2.004998987
RRPRPRPRPFFF,2.204119983
RWRWRWFGGGFKKFWKWFRRF,0.1218326352
IKKIVSKIKKVLK,0.7958800173
TYVSYT,1.339147679
FHEAIAPVVHAAVKALVGFLG,1.668262653
DYPWFN,1.569421914
ANDPQCLYGNVAAKF,2.096910013
HKLGTLVNLAKKIL,2.10720997
MQFITDLIKKAVDFFKGLFDNK,0.7315887652
RWRWRWFGGGRWRWRWF,0.7996471197
RQRVEELSKFSKKGAAARRRK,1.407911381
FLKWLFKWAKK,1.347330015
VRRFPYYYPFLRR,1.037833343
KIAKVALKALKIAKVALKAL,0.1760912591
GILKKFMLHRGTKVYKMRTLSKRSH,0.2194410626
KLLKKPLKLKL,1.096910013
LLLFLLKKRKKRKY,1.698970004
GKKLFVNVLDKIRCKVAGGC,2
ELLL,-1.698970004
GRSRWRRVSRRFMRR,1.301029996
GLLKRIKSLL,2
LLIAAFKKLVKK,1.862710626
GVVGKLASKVVPSVFGSFTK,2.105611411
KRIVQRIKDFLRNLVPRTES,1.413676738
IKIKIKIK,0.7958800173
RKKKIKIIKRLI,0.5122859083
GFIFHIIKGLFHAGKMIHGLV,0.4274341558
KQFRIRVRVIRK,0.5743074311
LVQRGRFGRFLRKIR,1.204119983
AKKVFKRLEKLFSKIQNDK,1.397940009
AKKVFKRLEKLFSKI,2
KKKFFFFFKKK,0.6020599913
KYKKALKKLAKLL,0.4131291183
ILPILGNLLNSLL,2
KLLLLWKLLLLK,0.6532125138
KWKKLLKKPLKLLKKLLK,0.3010299957
ILPWKWPLLPWRR,0.5500800453
TFFRLFNR,1.77815125
KKKAARALKRAL,1.470536696
FLKLLKKLAAKFLPTIICKISYKC,0.8130766305
GLFAVIHHVASVIGGL,1.556302501
KHKWLWLW,0.9221075876
LRKFRNKIKEKLKKIGQKI,1.44870632
KRKILILIGSG,1.806179974
GKWMHLLKHILK,1.096910013
KWKSFIKKLTSKFLHLAKKF,0.7026231852
KGKG,3.711680895
LEGRSISRIDELIQQRQEKD,0.2041199827
RRWKRRK,2.663415159
KKLLKFLKKQ,2
RWCVYAYVRVRGVSVRYRRCW,1.397940009
RIRFPWPWRWPWWPRFRG,1.698970004
FLSLIPHIVSGVASLAKHF,0.7958800173
KLLKLLKLKKLLKL,1.710117365
VRVKVRVKVRVK,1.62978299
IGKEFKRIVQRIKDFLRNL,0.6020599913
GSPE,1.808690867
RRWKIVVIRWKK,0.07881148015
AARRAARRAARR,2.558588654
GLFDVIKKVASVI,1.964603598
KRKRKILILIKRK,-0.3010299957
KIGAIKKWGAIKKIGAIK,2.124162541
VDKPPYLPRPRPPRRIYNRN,1.708420877
IFGAIWPLALGALKNLIK,2.10720997
FFSTSCRSGC,1.960894756
STLHLVLRLRAG,2
KLRRWVRWL,1.580834064
FLGKLFKVASK,2.208473382
KLRRWVRWI,1.580834064
LKVVFKVLFK,1.117550887
GKLFKKILKFL,1.078725324
LLWKALRLWWKVL,0.9672875315
FIKHFIHRFSGGRWRWRWF,1.377573919
KCRRLCYRQRCVTYCRGR,0
RWRW,2.86332286
LTYCRRRFCVTV,-0.3467874862
FIHHIIGALGHLF,1.120573931
GKWMSALKHILK,2.113943352
GIRRILRYGRPS,1
GFCRCLCRRGVCRCICTR,1.10720997
FWRRFWRR,1.99009601
GLFGVLAKVAAKVVPAIAEHF,0.903089987
GIGHFLHKVKSFGKSWIGEIMNS,1.278753601
ILIKRK,1.806179974
KWKKLLKKLLKLLKKLLKKLKKLLK,0.903089987
RILKELKNLFK,2.251272945
VRRFAWWWPFLRR,0.3287769015
GLNALKKFFQGIHEAIKLINNHVQ,1.301029996
SVKVAKSVIPSAVFAGGKVF,2.10908674
LCAARCLAIGRR,1.691363566
KIWVIRWR,1.428244222
KRFKKFFKKVKKSV,1.852355602
AKRHHGYKRKF,0.845375695
RSNKGFNFMVDMIQALSK,1.662757832
KWKSFIKKLTSKFLHSKKKF,0.6972236781
GKWMSLLKQILK,1.033423755
KWKKFKKIGAVLKKL,-0.3010299957
RKSKEKIGKEFKRIVQRIKDF,1.278332668
AIQPKTKVIPYVRYL,1.89279003
FLGALFKALSKVL,1.453842049
ILAWKWAWWPWRR,1.397940009
DSIRDVSPTFNKIRRWFDGLFK,1.602059991
FLSTIWNGIKSLF,1.176091259
RGRGKQGGKVRAKAKTRSS,2
VQLRIRVAVIRA,1.360973449
PKVTITIQGSARF,1.505149978
FKRLKKLFSKIWNWK,1.397940009
RFRRLRWWTRKRLKKI,0.6020599913
SAVLRHLRRFLLRKHRKH,2
AWLKKRRWKKAKPP,-2.253631588
RIKRFWPVVIRTVVAGYNLYRAIK,0.3817680024
GLFSVLGSVAKHLLPHVVPVIAEKL,1.581007984
FLGVVFKGASKVFPAVFGKV,2.086529258
GADDDDD,1.477121255
ICHHCI,2.848994917
FKAFRWAWRWKKLAAPS,1.473833918
TIAMRAINNYRWRSKNQNTFLR,0.1760912591
KIKGAIKWKGAIKIKGAI,0.9200425585
GLLSGILGAGKHIICGLSGLC,1.702805688
RWCVYAYVRVRGVGVRYRRCW,1.397940009
KKAFAAAAAFAAWAAFAKKKK,0.6020599913
GIMSSLMKKLKAHIAK,1.204119983
KLAGLKAKWAGLKAKLAGLKA,2.078502859
AAGRLWVLWRR,0.762065152
RIKRFWPVVIRT,1.979935891
RFRRLRCKTRCRLKKI,2.10720997
YLEQLLR,1.603642452
GKKLLKKLKKLWKKW,2.71545756
GIGKFIHAAKKFGKLFIGEIMNS,0.3802112417
FLALIGRVLSGIL,0.3979400087
LWGTRSGIQP,2
GIGKALKKAKKGIGAVLKVLTTGL,1.176091259
KK,1.875061263
CVHWMTNTARTACIAG,2.061725535
KKKVVFKVKFK,0.3560463071
KP,3.914882889
AAYLLAKINLKALAALAKKIL,0.5585432027
KT,2.714000781
NTVKETIKYLKSLFSHAFEVVKT,2
KA,3.964039226
GLFGVLAKVASHVVPAIAEHFQA,1.325738213
KG,3.691993164
KF,3.833627026
KD,3.883932139
KI,3.887151781
KH,0.5477121902
KS,2.739360575
KR,0.5194565603
KW,3.779372247
KV,3.911299518
KY,3.810564714
WIQPATKVIPYVAYL,2.795880017
KVVFKVKFKKK,0.3560463071
LNWGKILKHIIK,1.318063335
RTRCRFLRRC,1.068457942
YVLWKRKRWIFI,2.176091259
FRLKFH,0.7710774673
GMASKAGAIAGKIAKVAWKAL,1.096910013
GMASKAGAIAGKIAKVAWKALGGC,0.7993405495
GMASKAGAIAGKIAKVAWKALGGA,1.397940009
LLGMIPVAITAISALSKL,2.451285208
LKKLLKLCKKLCKLAG,0.6989700043
RWKIFKKIPKFLHSAKKF,0.3010299957
FRRFFKWPRRPFKFF,1.431363764
GVVDILKGAAKDLAGHLATKVMNKL,2
RFIYMKGFGKPRFGKR,1.099434813
RWCVYAYVRVRGVLRRYRRCW,1.096910013
PVVFSVASKVVPSLISALKR,2.086529175
YVPPVQKPHPNGPKFPTFP,1.123851641
SILPTIVSFLTKFL,1.397940009
RLLFRKIRRLKR,1.587357677
ALKYRLFKKLKKF,0.07491130266
FFGWLIKGAIHAPKAIHGLIHRRRH,0.8325089127
RQIRIWFQNRRMRWRR,1.204119983
FFGPLIKIATGVLPNLICKALGKC,1.599091525
WGKFFKKFFKFGK,1.275965338
KKRLKKIFKKPMVIGVTIPF,1.732084959
GLFDVIKKLLKKIGGL,0.4913616938
VLSAADKGNVKAAWGKVGGHAAE,1.73239376
GPE,2.219976927
KGIRGYKGGYCKGAFKQTCKCY,1.688262081
LKRFLKWFKRF,0.7074808558
ILGKILKGIKKLF,0.3010299957
GPIRRPEPRPRPE,1.602059991
ILPYKYPYYPYRR,1.14458121
KKLFKKILKYLAGPAKFLHSAK,0.3979400087
GVFRVLRKVTRVVLKVIGKVLKWI,0.6020599913
FWPVVIRTVVAGYNLYRAIKKK,-0.3497314605
RWRRWKWWL,-0.4691566385
GLLGLLGSVVSHVLPAITQHL,1.371708199
TMSLRFWRWKVR,1.885533904
GLFAVIKKVASVIGGL,1.397940009
KGIRGYKGGYKGAFKQTKY,1.746645636
RLRKAVRLIK,0.6989700043
GLLKRIKTL,1.615879575
LRRLRKWLRRLLKLL,1.049218023
GLRKRLRKARNKIKEKLKKI,1.204119983
KLCGETCFKFKCYTPGCSCSYPFCK,0.5440680444
INWKKIFESVKNLV,1
IRRIIRKIIHIIKK,1.045677443
RGGRLCYCRRRFCVCT,-0.4447934533
RGGRLCYCRRRFCVCI,-0.5144174005
AKKVFKRLGIGAVLWVLTWG,0.494154594
RGGRLCYCRRRFCVCE,-0.5179361634
GLLKFIKKLL,1.407991625
KVASVIGGL,3.084460739
WIQPKTKVIPWWWWW,1.89279003
KLLKKLLKLWKKLLKKLK,1.645308403
KWKLFKKIGIGAVLKVLTTG,-0.1079053973
FKRLKKLAKKIWNWK,0.6020599913
KVALGVAQNYLNPQQ,2.193124598
FLPLLAGLCKITRKCAANFLPKIF,0.1760912591
SALGRVASKVFPAVYCSITK,2.086542199
VVAKKFFVLVKGLAPVLSPS,2.086103463
NLVSDIIGSKKHMEKLISIIKKCR,2.176091259
NGVQPKYRWWRWWRRWWW,1.522385521
LAYCRRRFCVAV,0.04139268516
RKWVYWRNR,1.962232161
HFLGKLVNLAKKIL,1.204119983
RIGSILGRLAKGLPTLISWIKNR,0.7958800173
FIHHIVHAIGRLF,1.50588519
FFSMIPHIATGIASLVKNL,2.395513879
FLFSLIPKAIGGLISAFK,1.465828815
RWCVYAYVRVRGVLVRYRRCW,-0.8388957434
QRRIRVRLSA,1.70771322
RWCVYAYVRVRGVLVRYRRCS,1.397940009
RWCVYAYVRVRGVLVRYRRCR,1.397940009
FIKHFIHRF,2.603979117
FFPMLADLVSKIF,2.176091259
RWCVYAYVRVRGVLVRYRRCG,1.397940009
WKSDVRRWRSRY,2
GIRRILRYGRRS,1.301029996
RRSVQWCA,1.240549248
WHWTWLPKKKRKV,2.397940009
VWRHWRRFW,2
GWGKFFKKAAKVGKKVG,2.445342977
KWCRCVCRRGICRCRCRK,0.6127838567
FKTWKNRPILSSCSGIIKG,2.176091259
KKVVVKVKFK,0.4140425673
RKDVY,3.167641264
GLFDVVIGGL,3.015031128
TASQAEWFKARRWQWRMKKLGA,-0.5686362358
KLLKRIKTLL,1.291859017
APRKNVKW,1.806970153
RRVSRRFMRR,0.09691001301
FLGKVVKGASKVFPAVFGKV,2.090481432
GIKIAKKAITIAKKIAKIYW,1.753515922
VVRRPVYIPQPRPPHPRL,1.397940009
SWIKKDKFPSSTGPYNPNPPPPRF,2
GVSSPIVAVKFKGAVASLIK,2.113468253
ILPWKWPYLPWRR,0.5379183316
KKKWLWLW,1.828464744
CKKKC,0.8175725072
GLFDIVKKVV,2.059008843
ILGPVLGLVSNTLDDVLGIL,1.694348426
WIRYKWRRKKVRYWTGP,1.204119983
GKKLAKTIAKEVAKQGAKFA,1.486551763
IISTIGKLVKWIIKTV,0.4771212547
GALFKVASKVLPS,2.181580169
KNKRKRRRRRRGGRRRR,1.726067654
LKLLLKLLK,2
FLGALFKVA,2.316417857
GAHDILKYGKPS,1.698970004
GIIKKIIKKI,2.096910013
AQQHHGYKQQFH,1.724516315
RWKRWWRWI,1.337023336
FLFKLIPKVIKGLVKAIRK,0.8593619356
INLKGLIKKVASLLT,2
IGKLFKRIVKRILKFLRKL,0.6020599913
RRFPWWWPFRR,0.3741820755
SKYR,0
KWRR,1.996775893
SKSWLWLW,0.9565248987
KLAENVKEILR,2.279821538
IGGIISFFKRLF,0.9514944942
RGKRWWRRKK,1.397940009
FQWQRNMRKVRGPPVS,2.698970004
VINENLLR,3.397940009
GLRKALRKFRNKIKEALKKI,-0.3010299957
ILPWKWKFFPWRR,2
GVVDILKGAAKDIAGHLASKVMNKA,2
WKKWWKKWWKWWKKWWKK,0.6020599913
KIAGKIAKIAGKIAKIAGKIAK,0.8633213784
IRHQGLPQE,3.397940009
KWCRCVCRRGICRCRCRG,0.7323937598
LFGVLAKVAAHVVPAIAEHF,1.806179974
AWLLAIRRR,1.238669577
GLFGVLAKVAAKVVPAIAKHF,0.6020599913
GILDAIKAIAKAAG,0.785329835
STAHLVLRLRGG,2
KWKWWKWK,1.698970004
HSSGYTRPLRKPSRPIFIRPI,1.170261715
GLNALKKVFQGIHEAIKLFNNHVQ,1
FFHHIFRAIVHVGKTIHRLVTG,0.3010299957
ALPLIGRVLSGIL,1.602059991
FIFHIIKGLFHAGKMI,0.824528916
GEKLKKIGQKIKNFFKKL,1.397940009
SLWETIKNAGKGFIQNLDKIR,1.188105717
AKCLRWQWRMRKYGG,1.397940009
TCSYTMEA,2.523356252
AKCLRWQWAMRKYGG,1.944482672
GVIDAAKKVVNVLANLF,1.751754931
EKCLRWQWRMRKVGG,2
IIGLVSKGTCVLVKTVCKKVLKQG,1.397940009
GLLGAMFKVASKVLPHVVPAITEHF,1.397940009
FKCRRWQWAMKKLGA,1.447158031
RRWSFRVSYRGFSYRKSR,0.5238393806
KWKSFIKKLLSKFLHSAKKF,0.7050874163
FKCRRWQWRAKKLGA,1.84509804
KFFRKLKKSVKKRAK,0.9948322932
RLSRIVVIRVCR,1.638908701
KRWRIRVRVIRK,0.2554265767
RKCLRWQWRMRKYGG,1
AKCLRWQWEMRKVGG,2.592176757
GLWQKIKNAAGDLASGIVEGIKS,1.326852272
AKCLRWQWRMRKVGG,1.491361694
EKCLRWQWRMRKYGG,1.799340549
FLSGIVGMLGKLFGK,0.4771212547
RKCLRWQWEMRKYGG,1.278753601
SKCYQWQWRMRKLGA,2.240549248
GVIAAAKKVVNVLKNLF,0.8277394149
RLARIVVIRWAR,0.7244414444
FKCARWQWRMKKLGA,1.544068044
AKCLRWQWAMRKVGG,2.127104798
RLARIVVIRVAG,1.677897156
LKWLLKWLK,0.9109493467
ILPFVAGVAAEMMQHVYCAASKKC,0.6548445871
LRWQNEMRKV,2.477121255
RCRFCCRCCPRMRGCGICCRF,0.4771212547
GFKDWIKGAAKKLIKTVASSIANQ,0.4771212547
RRFFFRFRRF,1.176091259
RKCLRWQWRMRKVGG,1
ILGPILGLVSNALGGLL,0.5682017241
IIGPVLGLVGSALGGLLKKI,0.6989700043
RKCLRWQWEMRKVGG,1.568201724
RRWWRRWRRW,0.7505083949
IIGPVLGMVGSALGGLLKKI,0.5797835966
HVINLEESFQEPEYENHLA,-0.6989700043
TWLPAVIKIQAHWRGYRQRKIYL,0.278753601
FIGKLISAASGLLSHL,1.584331224
GLLDFAKHVIGIASKLG,2
FLSLLPSIVSGAVSLAKKLG,0.1139433523
KLKLLLLL,1.321797897
SCNCVCGVCCSCSP,-0.8339867329
SCTTCECCCSCS,-2.61258128
YQWQRRMRKL,2.477121255
FPFSLIPHAIGGLISAIK,2.079181246
LIGPVLGLVGSALGGLLKKI,0.6812412374
RLKLLLLRLK,1.198707142
AKCRRWQWRMKKLGA,1.544068044
IPWKLPATFRPVERPFSKPFCRKD,1.535146031
FKCRRWQWRMKKAGA,1.397940009
FKARRWQWRMKKLGA,1.707570176
AKCLRWQWEMRKYGG,2.178976947
ILPILSLIGGLLGK,2
FLGSLIGAAIPAIKQLLGLKK,2.075546961
INWLKLGKKIISAL,2
KKLGAPSITCVRRAFA,2
RLCPRVRIRVCR,1.321333126
FLPIVTNLLSGLLGK,1.763427994
GLFDIVKKLVSDF,2
PFKISIHL,1.196467322
RCTCTTIISSSSTF,1.929183008
GIGAAILSAGKSALKGLAKGLAEHF,0.9243101099
ILGAIIPLVSGLLSHL,1.285557309
FKCRRWQWRMKALGA,1.397940009
SKCRQWQWKIRRTNP,2.340444115
RRWWWRWRRW,0.7505083949
RRARIVVIRVAR,0.7373093431
VSLFPVSLFP,1.053419981
FDVMGIIKKIAGAL,1.77815125
STNCFCYPCCSCSS,-1.505354285
FLSHIAGFLSNLFGK,0.7822749182
GIKDWIKGAAKKLIKTVASNIANQ,1.113943352
RRAAVVLIVIRR,0.888560376
FKCRRWQWRMKKLAA,1.079181246
KWKLFKKIGIGAVLKVLT,0.4771212547
FQWQRNMRKV,2.477121255
EQEENVVKIQAFWKGYKQRKEYM,0.3222192947
GFLSILKKVLPKVMAHMK,0.3010299957
IDWKKIFEKVKNLV,1.113943352
DNTDSVVKIQSWFRMATARKSYL,0.07918124605
INLKAIAALAKKLLG,0.5914934043
RRWQWRMKKL,0.7505083949
SKCYQWQRRMRKLGAPSITCIRRTS,0.3515583907
SKCYQWQRRMRKLGA,2.401400541
GILDTLKQFAKGVGKFLVKGAAQ,1.621632428
RRWWWR,1.352182518
GLFDKLKSLVSDF,2.397940009
FKCRAWQWRMKKLGA,1.785329835
FLPVILPVIGKLLNGILGK,1.698970004
RLKLLLRLK,1.239381789
GLVTGLLKTAGKLLGDLFGSLTG,1.096910013
QRPYTQPLIYYPPPPTPPRIYRA,2.301029996
FKCRRWQWRMAKLGA,1.544068044
ANLDAIIKIQAWARMWAARRQYL,0.3010299957
GLMSVLGHAVGNVLGGLFKS,1.407531952
IDWLKLGKMVIDAL,0.6989700043
ANVGFVIQLQARLRGFLVRQKFA,0.2304489214
RKCLRWQWAMRKVGG,1.491361694
KSLRPRCWIKIKFRCKSLKF,0.8684792992
GIGALSAKGALKGLAKGLAEHFAN,0.4771212547
RQWQSKIRRT,2.477121255
FACRRWQWRMKKLGA,1.602059991
GIGGKPVQTAFVDNDGIYD,0.405362634
KNVNSIVKIQAFFRARKAQDDYR,0.5440680444
RWWKIWVIRWWR,0.9319903974
KKWWWKWKKW,0.8750612634
ILGKIWKIKKLF,0.3010299957
TKCFQWQWNMRKVRG,1.86923172
RRIIIRWRRI,0.5740312677
FKCRRWAWRMKKLGA,1.176091259
FLSLIPHAINAVSAIAKHFG,0.7781512504
RLKLLLLLRLK,1.161517854
GFRDVLKGAAKAFVKTVAGHIANI,0.7781512504
KWKSFIKKLTSKALHSAKKF,0.4198722859
GVIDAAAKVVNVLKNLF,1.751754931
RCVCRRGVCRCVCTRGFC,0.3010299957
RKCLRWQWAMRKYGG,1.079181246
PVVDTTGNNPLQQQEEYYV,1
FKCRRWQWR,1.698970004
IIGHLIKTALGFLGL,2
SLLSLLRKLIT,1.602059991
KALKKLLKLASSLLTAL,0.7781512504
LNWGAKLKHIIK,1.591064607
AASKAAKTLAKLLSSLLKL,0.7781512504
GLLSGILGAGKHIVCGLSGLK,0.4771212547
RGRKSSRRKK,1.301029996
QKAASRLLRALSKLLEAF,0.7781512504
GIFGKILGVGKKVLCGLSGWC,0.3010299957
GMWSKILKHLIR,0.3010299957
SVIGCWTKSIPPRPRCFVK,1.322219295
VSSKYLSKVKVKAGK,0.6020599913
LKALKKLAKKLKKLA,0.84509804
AVPDVAFNAYG,0.7781512504
ETFAKKALKALEKLLKKG,0.4771212547
FFHHIFRGIVHVGRTIHKLVTGG,1.176091259
FFHHIFRGIVHVGRTIHRLVTGG,1.176091259
GSKKPVPIIYCNRRKCQRM,0
GLFKVLGSVAKHLLPHVAPVIAEK,0.9542425094
LYENKPRRPYIL,1.698970004
KWKLFKKILLKFLHLAKLF,1.079181246
CKQSCSFGPFTFVCDGNTK,2.301029996
VRPYLVAF,1.193124598
FHPSLWVLIPQYIQLIRKILKS,1.544068044
AMVGT,1.534533756
FLPAVLKVAAHILPTAICAISRRC,0.4771212547
GKPRPYLPRPTSHPRPIRV,0.903089987
WGRKKRRQRRRPPQ,2.408239965
GLLRRLRDFLKKIGEKFKKIGY,0.6020599913
FVLPLLGILPKELCIVLKKNC,2
IGKKFKRIVQRIKDFLRNL,0.3010299957
IKWKKLLRAAKRIL,0.4771212547
ALKAALLAILKIVRVIKK,0.7781512504
GMASKAGTIAGKIAKTAIKLAL,1.397940009
ESLKARSLKKSLKLKKLL,0.3010299957
ITSFIGCTPGCGKTGSFNSFCC,0.7781512504
GMWSKILGHLKR,1.447158031
GLFKVLGSVAKHLLPHVVPVIAEK,0.3010299957
FALGAVTKLLPSLLCMITRKC,0
LCAALCLAIGRR,0.4771212547
ERPPGFSPFR,2
IIGPVLGLVGSALGGLLKKIG,0.6989700043
FIKELLPHLSGIIDSVANAIKG,1.740362689
SSGWVCTLTIECGTVICAC,1.477121255
RQIKIWFQNRRMKWKK,1.806179974
IGKLFKRIVQRIKKFLRNL,0.6020599913
ELAKKALKALKKALKSAR,0.6020599913
LLKKLLRAASKALSLL,0.7781512504
KWKLFKKPKFLHLAKKF,0.7781512504
AVNIPFKVHFRCKSIFC,1.612783857
FISGLIGGLMKALGK,1.397940009
ILPLVGNLLNDLL,2.301029996
WSKILGHLIR,1.255272505
RPDKPRPYLPRPRPPRPVR,0.84509804
ESSLKKKALSKLSKLLKKG,0.4771212547
RGRKSSRRK,1.301029996
GILSKLGKALKKAAKHAAKA,0.903089987
LRQSQFVGSR,1.62324929
FASLLGKALKALAKQ,0.7781512504
GKWKKILGKLIR,0.3010299957
FITGLIGGLMKALGK,2
ARLAKKALRRLAKKD,0
LKLLKKLLKKLKKLL,0.84509804
LALLKVLLRKIKKAL,0.7781512504
GLLSVLGDVAKHVLPHVVPVIAEKL,2.301029996
KWKSFIKKLPSAAKKVTTAAKPLTK,1.322219295
VDKGSYLPRPTSHPRPIRV,0.903089987
INLKALAALAKKIL,1.079181246
GLLSGVLGVGKKVDCGLSGLC,0.4771212547
KYYSRVRGGRSAVLSSLDK,1
GIINTLQKYYSRVRGGR,0.903089987
FASLLGKLAKKLAKKALK,0.7781512504
FFPIVGKRLYGLL,0.4771212547
GSKKPVPIIYCNRRATGKCQRM,0.4771212547
GLLRRLRKKIGEIFKKYG,0
FASLLGKALKALLAKLAKQ,0.7781512504
FITGLISGLMKALGK,1.079181246
VLPLISMALGKL,1.77815125
GFGPAFHSVSNFAKKHKTA,0
FLAGLIGGLAKML,1
GRFRRLGRKFKKLFKKYGP,0.903089987
WRRRRRRR,1.643452676
ILRRVRVRAVAI,2.250420002
AASKALRTASRLARSLLT,0.7781512504
GKWMSKLKHILK,1.653212514
QKALAKLAKKALKALAKQ,0
ELAKKALRALKKALKSAK,0.4771212547
ESLAKALSKEALKALK,0
FLPVIAGVAAKFLPKIACAITKKC,0.6020599913
GIGKHVGKALKGLKGLLKGLGEC,2.10720997
LIGPVLGLVGSALGGLLKKIG,0.6020599913
GLFKVIKKVASVIGGL,0.4771212547
GKWSKILGKLIR,0.3010299957
GLRKRLRKFRNKIKQKLKKI,0.3010299957
GLFGVLGSIAKHVLPHVVPVIAEK,0.4771212547
KSSTRGRKSSRRKK,1
AINCDAAYL,1.633468456
GMWSKLLGHLLR,0.4771212547
VGIGTPISFYGGGAGHVPEYF,0.4771212547
GTPGFQTPDARVISRFGFN,1.477121255
VFQFLGKIIKKVGNFVKGFSKVF,0
FWGKLLKLGMHGIGLLHQHLG,0.4771212547
AKRLKKLAKKIWNWK,0.3010299957
FFPFLLGALGSLLPKIFGK,1.079181246
WLNALLHHGLNCAKGVLA,0.7781512504
GCWSTVLGGLKKFAKGGLEAIVNPK,0.903089987
KEEQIGKSSTRGRKSSRRKK,1
AAKKLSKLLKTLLKLL,0.7781512504
KKWKKFIKKIGIGAVLTTPGAKK,0.3010299957
LNKGAILKHIIK,2